-- phpMyAdmin SQL Dump
-- version 4.8.0.1
-- https://www.phpmyadmin.net/
--
-- Host: 127.0.0.1
-- Generation Time: Jan 28, 2020 at 09:09 PM
-- Server version: 10.1.32-MariaDB
-- PHP Version: 7.2.5

SET SQL_MODE = "NO_AUTO_VALUE_ON_ZERO";
SET AUTOCOMMIT = 0;
START TRANSACTION;
SET time_zone = "+00:00";


/*!40101 SET @OLD_CHARACTER_SET_CLIENT=@@CHARACTER_SET_CLIENT */;
/*!40101 SET @OLD_CHARACTER_SET_RESULTS=@@CHARACTER_SET_RESULTS */;
/*!40101 SET @OLD_COLLATION_CONNECTION=@@COLLATION_CONNECTION */;
/*!40101 SET NAMES utf8mb4 */;

--
-- Database: `rentcar`
--
CREATE DATABASE IF NOT EXISTS `rentcar` DEFAULT CHARACTER SET utf8 COLLATE utf8_general_ci;
USE `rentcar`;

-- --------------------------------------------------------

--
-- Table structure for table `car`
--

CREATE TABLE `car` (
  `Car_Number` varchar(9) NOT NULL,
  `Car_Manufacturer` varchar(20) NOT NULL,
  `Car_Model` varchar(10) NOT NULL,
  `Engine_Capacity` int(11) NOT NULL,
  `Licensing_Expire_Date` date NOT NULL,
  `Insurance_Expire_Date` date NOT NULL,
  `Doors` int(11) NOT NULL,
  `Seats` int(11) NOT NULL,
  `Gearbox_Type` varchar(10) NOT NULL,
  `Color` varchar(10) NOT NULL,
  `Distance` double NOT NULL,
  `Fuel_Type` varchar(10) NOT NULL,
  `Fuel_Capacity` varchar(5) NOT NULL,
  `Price_For_Day` float NOT NULL,
  `Car_Availability` tinyint(1) NOT NULL,
  `Year_Production` int(11) NOT NULL,
  `Car_Active` tinyint(1) NOT NULL,
  `Car_Date_Added` date NOT NULL,
  `Car_Date_Deleted` date NOT NULL,
  `Car_Status` text NOT NULL
) ENGINE=InnoDB DEFAULT CHARSET=utf8;

--
-- Dumping data for table `car`
--

INSERT INTO `car` (`Car_Number`, `Car_Manufacturer`, `Car_Model`, `Engine_Capacity`, `Licensing_Expire_Date`, `Insurance_Expire_Date`, `Doors`, `Seats`, `Gearbox_Type`, `Color`, `Distance`, `Fuel_Type`, `Fuel_Capacity`, `Price_For_Day`, `Car_Availability`, `Year_Production`, `Car_Active`, `Car_Date_Added`, `Car_Date_Deleted`, `Car_Status`) VALUES
('2123487', 'יונדאי', 'i20', 1200, '2020-01-30', '2020-02-10', 5, 5, 'אוטומטי', 'לבן', 62500, 'בנזין', '1/8', 150, 1, 2017, 1, '2020-01-28', '0000-00-00', 'הכל תקין\r\n\r\n'),
('2457895', 'מזדה', '3', 1600, '2020-07-28', '2020-07-30', 4, 5, 'אוטומטי', 'לבן', 91700, 'בנזין', '4/8', 190, 1, 2018, 1, '2020-01-28', '0000-00-00', 'הכל תקין'),
('2458754', 'מזדה', '6', 1800, '2020-07-05', '2020-07-10', 5, 5, 'אוטומטי', 'כסף', 56300, 'בנזין', '1/8', 190, 1, 2018, 1, '2020-01-28', '0000-00-00', 'הכל תקין'),
('3125468', 'יונדאי', 'i10', 1100, '2020-01-22', '2020-01-22', 5, 5, 'אוטומטי', 'כחול', 104600, 'בנזין', '8/8', 150, 0, 2017, 1, '2020-01-28', '0000-00-00', 'הכל תקין\r\n\r\n\r\n'),
('3145278', 'יונדאי', 'i10', 1100, '2020-08-20', '2020-08-22', 5, 5, 'אוטומטי', 'כסף', 54897, 'בנזין', '8/8', 150, 1, 2018, 1, '2020-01-28', '0000-00-00', 'הכל תקין'),
('3215684', 'ניסאן', 'מיקרה', 1200, '2021-03-10', '2021-03-11', 5, 5, 'ידני', 'לבן', 101500, 'בנזין', '8/8', 170, 1, 2017, 1, '2020-01-28', '0000-00-00', 'הכל תקין\r\nשריטה בדלת ימין אחורה'),
('3345789', 'מזדה', '6', 1800, '2020-06-21', '2020-06-24', 4, 5, 'אוטומטי', 'לבן', 41257, 'סולר', '8/8', 190, 1, 2018, 1, '2020-01-28', '0000-00-00', 'הכל תקין'),
('4525236', 'רנו', 'מגאן 3', 1600, '2021-01-15', '2021-01-20', 5, 5, 'אוטומטי', 'כסף', 74086, 'בנזין', '5/8', 150, 1, 2016, 1, '2020-01-28', '0000-00-00', 'הכל תקין\r\n'),
('4527858', 'מזדה', '3', 1600, '2021-05-15', '2021-05-20', 4, 5, 'אוטומטי', 'לבן', 125474, 'בנזין', '8/8', 150, 1, 2015, 1, '2020-01-28', '0000-00-00', 'הכל תקין'),
('5477689', 'קיה', 'פיקנטו', 1200, '2020-03-15', '2020-03-20', 5, 5, 'אוטומטי', 'כסף', 48500, 'בנזין', '7/8', 150, 0, 2018, 1, '2020-01-28', '0000-00-00', 'הכל תקין'),
('5478521', 'קיה', 'פיקנטו', 1200, '2020-01-28', '2020-01-28', 5, 5, 'אוטומטי', 'כסף', 50845, 'בנזין', '8/8', 170, 1, 2019, 1, '2020-01-28', '0000-00-00', 'הכל תקין'),
('74578847', 'קיה', 'ריו', 1600, '2021-01-10', '2021-01-14', 4, 5, 'אוטומטי', 'אפור', 2550, 'בנזין', '8/8', 180, 0, 2020, 1, '2020-01-28', '0000-00-00', 'הכל תקין'),
('9457854', 'סקודה', 'סופרב', 1600, '2020-08-30', '2020-08-31', 4, 5, 'אוטומטי', 'שחור', 76200, 'בנזין', '8/8', 190, 1, 2017, 1, '2020-01-28', '0000-00-00', 'הכל תקין'),
('9785452', 'יונדאי', 'i20', 1200, '2020-03-28', '2020-03-28', 5, 5, 'אוטומטי', 'כחול', 70542, 'בנזין', '8/8', 150, 1, 2017, 1, '2020-01-28', '0000-00-00', 'הכל תקין');

-- --------------------------------------------------------

--
-- Table structure for table `drivers`
--

CREATE TABLE `drivers` (
  `Rental_ID` int(10) NOT NULL,
  `ID_Driver` varchar(10) NOT NULL
) ENGINE=InnoDB DEFAULT CHARSET=utf8;

--
-- Dumping data for table `drivers`
--

INSERT INTO `drivers` (`Rental_ID`, `ID_Driver`) VALUES
(1, '209417625'),
(1, '222444666'),
(2, '123456788'),
(3, '315456214'),
(3, '213546877'),
(4, '987654322'),
(4, '315245652'),
(5, '210235469'),
(6, '209417625'),
(7, '325478564'),
(8, '318428117'),
(9, '325478564'),
(10, '999555222'),
(11, '213546877'),
(12, '222444666'),
(13, '123456788'),
(14, '209417625'),
(14, '213546877'),
(14, '123456788'),
(15, '222444666'),
(16, '315456214'),
(17, '325478564'),
(17, '315456214'),
(18, '213546877'),
(18, '213456897');

-- --------------------------------------------------------

--
-- Table structure for table `driver_licensing`
--

CREATE TABLE `driver_licensing` (
  `ID_Customer` varchar(10) NOT NULL,
  `Expire_Date` date NOT NULL,
  `Date_Of_Issue` date NOT NULL
) ENGINE=InnoDB DEFAULT CHARSET=utf8;

--
-- Dumping data for table `driver_licensing`
--

INSERT INTO `driver_licensing` (`ID_Customer`, `Expire_Date`, `Date_Of_Issue`) VALUES
('0000000000', '9995-01-30', '1991-01-30'),
('123456788', '2020-08-13', '2017-08-13'),
('207075680', '2022-01-19', '2017-01-19'),
('209417625', '2023-03-29', '2016-04-03'),
('210235469', '2024-11-02', '2015-10-20'),
('213456897', '2020-05-04', '2016-05-04'),
('213546877', '2020-09-25', '2016-09-25'),
('222444666', '2022-07-10', '2017-07-10'),
('315245652', '2023-03-22', '2016-04-22'),
('315456214', '2020-05-23', '2014-01-28'),
('318428117', '2020-08-13', '2012-08-13'),
('325478564', '2025-05-25', '2016-05-20'),
('987654322', '2020-08-13', '2014-09-10'),
('999555222', '2022-07-10', '2016-07-10');

-- --------------------------------------------------------

--
-- Table structure for table `employee`
--

CREATE TABLE `employee` (
  `ID_Employee` varchar(10) NOT NULL,
  `Salary` float NOT NULL,
  `Password` varchar(25) NOT NULL,
  `Employee_Availability` tinyint(1) NOT NULL,
  `Employye_Type` varchar(10) NOT NULL,
  `Start_Work_Date` date NOT NULL,
  `End_Work_Date` date NOT NULL,
  `Password_Date` date NOT NULL
) ENGINE=InnoDB DEFAULT CHARSET=utf8;

--
-- Dumping data for table `employee`
--

INSERT INTO `employee` (`ID_Employee`, `Salary`, `Password`, `Employee_Availability`, `Employye_Type`, `Start_Work_Date`, `End_Work_Date`, `Password_Date`) VALUES
('0000000000', 2000, 'nGBIJkY7QCsPlFG92IL45Q==', 1, 'מנהל', '2019-08-07', '0000-00-00', '2019-12-29'),
('123456788', 4500, 'kM8Fjpyl22TXU2I1TeGLGA==', 1, 'מזכירות', '2019-12-17', '0000-00-00', '2020-01-28'),
('207075680', 6500, 'C0rW9mcIEieATkhPmEojtA==', 1, 'מנהל', '2019-12-16', '0000-00-00', '2020-01-03'),
('210235469', 2000, 'js2OOxsO1cVuzaAZZp+WDA==', 0, 'מזכירות', '2020-01-28', '2020-01-28', '2020-01-28'),
('231515648', 2000, 'ng1JONaMe/QoTrVSf3+cTA==', 1, 'מזכירות', '2020-01-27', '0000-00-00', '0000-00-00'),
('318428117', 6500, '7pDIQAL37E1ydTrCtAnmYQ==', 1, 'מנהל', '2020-01-22', '0000-00-00', '2020-01-28');

-- --------------------------------------------------------

--
-- Table structure for table `invoice_details`
--

CREATE TABLE `invoice_details` (
  `Invoice_ID` int(11) NOT NULL,
  `Qty` int(11) NOT NULL,
  `Description` text NOT NULL,
  `Unit_Price` float NOT NULL,
  `Amount_Description` float NOT NULL
) ENGINE=InnoDB DEFAULT CHARSET=utf8;

--
-- Dumping data for table `invoice_details`
--

INSERT INTO `invoice_details` (`Invoice_ID`, `Qty`, `Description`, `Unit_Price`, `Amount_Description`) VALUES
(1, 9, 'תשלום עבור שכירות מס\'1', 130, 1170),
(2, 1, 'חריגה בגין בנזין', 25, 25),
(2, 915, 'חריגה בגין ק\"מ', 1, 915),
(2, 4, 'כניסות לכביש שיש', 25, 100),
(3, 12, 'תשלום עבור שכירות מס\'2', 130, 1560),
(4, 2, 'תשלום עבור שכירות מס\'2', 130, 260),
(4, 3, 'חריגה בגין בנזין', 25, 75),
(4, 10, 'חריגה בגין ק\"מ', 1, 10),
(5, 30, 'תשלום עבור שכירות מס\'3', 110, 3300),
(6, 15, 'תשלום עבור שכירות מס\'4', 170, 2550),
(7, 40, 'תשלום עבור שכירות מס\'5', 150, 6000),
(8, 24, 'תשלום עבור שכירות מס\'6', 110, 2640),
(9, 7, 'חריגה בגין בנזין', 25, 175),
(9, 100, 'חריגה בגין ק\"מ', 1, 100),
(10, 25, 'תשלום עבור שכירות מס\'7', 130, 3250),
(11, 4, 'חריגה בגין בנזין', 25, 100),
(11, 150, 'חריגה בגין ק\"מ', 1, 150),
(12, 15, 'תשלום עבור שכירות מס\'8', 150, 2250),
(13, 76, 'חריגה בגין ק\"מ', 1, 76),
(13, 1, 'תשלום עבור שריטה בדלת ימין אחורה', 250, 250),
(14, 16, 'תשלום עבור שכירות מס\'9', 170, 2720),
(15, 4, 'חריגה בגין בנזין', 25, 100),
(15, 200, 'חריגה בגין ק\"מ', 1, 200),
(16, 16, 'תשלום עבור שכירות מס\'10', 150, 2400),
(17, 1, 'פנס קדמי ימינה שבור', 500, 500),
(18, 7, 'תשלום עבור שכירות מס\'11', 150, 1050),
(19, 1, 'תשלום עבור שכירות מס\'12', 150, 150),
(20, 100, 'חריגה בגין ק\"מ', 1, 100),
(21, 5, 'תשלום עבור שכירות מס\'13', 150, 750),
(22, 1, 'חריגה בגין בנזין', 25, 25),
(22, 350, 'חריגה בגין ק\"מ', 1, 350),
(23, 3, 'תשלום עבור שכירות מס\'14', 190, 570),
(24, 9, 'תשלום עבור שכירות מס\'15', 150, 1350),
(25, 4, 'תשלום עבור שכירות מס\'16', 190, 760),
(26, 7, 'חריגה בגין בנזין', 25, 175),
(26, 300, 'חריגה בגין ק\"מ', 1, 300),
(27, 17, 'תשלום עבור שכירות מס\'17', 160, 2720),
(28, 3, 'תשלום עבור שכירות מס\'18', 150, 450);

-- --------------------------------------------------------

--
-- Table structure for table `messages`
--

CREATE TABLE `messages` (
  `Message_ID` int(11) NOT NULL,
  `Employee_ID` varchar(10) NOT NULL,
  `Car_Number` varchar(9) NOT NULL,
  `Message_For` varchar(25) NOT NULL,
  `Message_Text` text NOT NULL,
  `Message_Type` varchar(40) NOT NULL,
  `Message_Availability` tinyint(1) NOT NULL,
  `Message_ToDate` datetime NOT NULL,
  `Message_Title` varchar(120) NOT NULL
) ENGINE=InnoDB DEFAULT CHARSET=utf8;

--
-- Dumping data for table `messages`
--

INSERT INTO `messages` (`Message_ID`, `Employee_ID`, `Car_Number`, `Message_For`, `Message_Text`, `Message_Type`, `Message_Availability`, `Message_ToDate`, `Message_Title`) VALUES
(28, '207075680', '4525236', 'לכל העובדים', 'רכב של מספר 4525236 תאריך תפוגה של ביטוח 20/01/2021', 'רכב', 1, '2020-12-20 15:48:07', 'תאריך תפוגה של ביטוח'),
(29, '207075680', '4525236', 'לכל העובדים', 'רכב של מספר 4525236 תאריך תפוגה של רישיון 15/01/2021', 'רכב', 1, '2020-12-15 15:48:07', 'תאריך תפוגה של רישיון'),
(30, '207075680', '2123487', 'לכל העובדים', ' רכב של מספר 2123487 תאריך תפוגה של ביטוח 10/02/2020', 'רכב', 1, '2020-01-10 16:04:34', 'תאריך תפוגה של ביטוח'),
(31, '207075680', '2123487', 'לכל העובדים', ' רכב של מספר 2123487 תאריך תפוגה של רישיון 30/01/2020', 'רכב', 1, '2019-12-30 16:04:34', 'תאריך תפוגה של רישיון'),
(32, '207075680', '3125468', 'לכל העובדים', 'רכב של מספר 3125468 תאריך תפוגה של ביטוח 22/01/2020', 'רכב', 1, '2019-12-22 16:06:54', 'תאריך תפוגה של ביטוח'),
(33, '207075680', '3125468', 'לכל העובדים', 'רכב של מספר 3125468 תאריך תפוגה של רישיון 22/01/2020', 'רכב', 1, '2019-12-22 16:06:54', 'תאריך תפוגה של רישיון'),
(34, '207075680', '5477689', 'לכל העובדים', 'רכב של מספר 5477689 תאריך תפוגה של ביטוח 20/03/2020', 'רכב', 1, '2020-02-20 16:10:53', 'תאריך תפוגה של ביטוח'),
(35, '207075680', '5477689', 'לכל העובדים', 'רכב של מספר 5477689 תאריך תפוגה של רישיון 15/03/2020', 'רכב', 1, '2020-02-15 16:10:53', 'תאריך תפוגה של רישיון'),
(36, '207075680', '74578847', 'לכל העובדים', ' רכב של מספר 74578847 תאריך תפוגה של ביטוח 14/01/2021', 'רכב', 1, '2020-12-14 16:18:11', 'תאריך תפוגה של ביטוח'),
(37, '207075680', '74578847', 'לכל העובדים', ' רכב של מספר 74578847 תאריך תפוגה של רישיון 10/01/2021', 'רכב', 1, '2020-12-10 16:18:11', 'תאריך תפוגה של רישיון'),
(38, '207075680', '9457854', 'לכל העובדים', 'רכב של מספר 9457854 תאריך תפוגה של ביטוח 31/08/2020', 'רכב', 1, '2020-07-31 16:15:58', 'תאריך תפוגה של ביטוח'),
(39, '207075680', '9457854', 'לכל העובדים', 'רכב של מספר 9457854 תאריך תפוגה של רישיון 30/08/2020', 'רכב', 1, '2020-07-30 16:15:58', 'תאריך תפוגה של רישיון'),
(40, '207075680', '3345789', 'לכל העובדים', 'רכב של מספר 3345789 תאריך תפוגה של ביטוח 24/06/2020', 'רכב', 1, '2020-05-24 16:19:20', 'תאריך תפוגה של ביטוח'),
(41, '207075680', '3345789', 'לכל העובדים', 'רכב של מספר 3345789 תאריך תפוגה של רישיון 21/06/2020', 'רכב', 1, '2020-05-21 16:19:20', 'תאריך תפוגה של רישיון'),
(42, '207075680', '2457895', 'לכל העובדים', 'רכב של מספר 2457895 תאריך תפוגה של ביטוח 30/07/2020', 'רכב', 1, '2020-06-30 16:22:12', 'תאריך תפוגה של ביטוח'),
(43, '207075680', '2457895', 'לכל העובדים', 'רכב של מספר 2457895 תאריך תפוגה של רישיון 28/07/2020', 'רכב', 1, '2020-06-28 16:22:12', 'תאריך תפוגה של רישיון'),
(44, '207075680', '9785452', 'לכל העובדים', 'רכב של מספר 9785452 תאריך תפוגה של ביטוח 28/03/2020', 'רכב', 1, '2020-02-28 16:24:19', 'תאריך תפוגה של ביטוח'),
(45, '207075680', '9785452', 'לכל העובדים', 'רכב של מספר 9785452 תאריך תפוגה של רישיון 28/03/2020', 'רכב', 1, '2020-02-28 16:24:19', 'תאריך תפוגה של רישיון'),
(46, '207075680', '4527858', 'לכל העובדים', 'רכב של מספר 4527858 תאריך תפוגה של ביטוח 20/05/2021', 'רכב', 1, '2021-04-20 16:27:06', 'תאריך תפוגה של ביטוח'),
(47, '207075680', '4527858', 'לכל העובדים', 'רכב של מספר 4527858 תאריך תפוגה של רישיון 15/05/2021', 'רכב', 1, '2021-04-15 16:27:06', 'תאריך תפוגה של רישיון'),
(48, '207075680', '3145278', 'לכל העובדים', 'רכב של מספר 3145278 תאריך תפוגה של ביטוח 22/08/2020', 'רכב', 1, '2020-07-22 16:28:54', 'תאריך תפוגה של ביטוח'),
(49, '207075680', '3145278', 'לכל העובדים', 'רכב של מספר 3145278 תאריך תפוגה של רישיון 20/08/2020', 'רכב', 1, '2020-07-20 16:28:54', 'תאריך תפוגה של רישיון'),
(50, '207075680', '2458754', 'לכל העובדים', 'רכב של מספר 2458754 תאריך תפוגה של ביטוח 10/07/2020', 'רכב', 1, '2020-06-10 16:31:01', 'תאריך תפוגה של ביטוח'),
(51, '207075680', '2458754', 'לכל העובדים', 'רכב של מספר 2458754 תאריך תפוגה של רישיון 05/07/2020', 'רכב', 1, '2020-06-05 16:31:01', 'תאריך תפוגה של רישיון'),
(52, '207075680', '5478521', 'לכל העובדים', 'רכב של מספר 5478521 תאריך תפוגה של ביטוח 28/01/2020', 'רכב', 1, '2019-12-28 16:33:20', 'תאריך תפוגה של ביטוח'),
(53, '207075680', '5478521', 'לכל העובדים', 'רכב של מספר 5478521 תאריך תפוגה של רישיון 28/01/2020', 'רכב', 1, '2019-12-28 16:33:20', 'תאריך תפוגה של רישיון'),
(54, '207075680', '3215684', 'לכל העובדים', 'רכב של מספר 3215684 תאריך תפוגה של ביטוח 11/03/2021', 'רכב', 1, '2021-02-11 17:05:57', 'תאריך תפוגה של ביטוח'),
(55, '207075680', '3215684', 'לכל העובדים', 'רכב של מספר 3215684 תאריך תפוגה של רישיון 10/03/2021', 'רכב', 1, '2021-02-10 17:05:57', 'תאריך תפוגה של רישיון'),
(56, '210235469', '1', 'לכל העובדים', 'מחר צריך לחזיר רכב של מספר שכירות 1', 'שכירות', 0, '2019-08-09 19:10:33', 'החזרת שכירות'),
(57, '210235469', '2', 'לכל העובדים', 'מחר צריך לחזיר רכב של מספר שכירות 2', 'שכירות', 0, '2019-08-19 14:00:13', 'החזרת שכירות'),
(58, '207075680', '3', 'לכל העובדים', 'מחר צריך לחזיר רכב של מספר שכירות 3', 'שכירות', 0, '2019-09-30 19:41:41', 'החזרת שכירות'),
(59, '123456788', '4', 'לכל העובדים', 'מחר צריך לחזיר רכב של מספר שכירות 4', 'שכירות', 0, '2019-10-29 19:54:16', 'החזרת שכירות'),
(60, '318428117', '5', 'לכל העובדים', 'מחר צריך לחזיר רכב של מספר שכירות 5', 'שכירות', 0, '2019-12-14 20:02:09', 'החזרת שכירות'),
(61, '318428117', '6', 'לכל העובדים', 'מחר צריך לחזיר רכב של מספר שכירות 6', 'שכירות', 0, '2019-12-08 13:00:06', 'החזרת שכירות'),
(62, '318428117', '7', 'לכל העובדים', 'מחר צריך לחזיר רכב של מספר שכירות 7', 'שכירות', 0, '2019-12-14 15:40:58', 'החזרת שכירות'),
(63, '207075680', '8', 'לכל העובדים', 'מחר צריך לחזיר רכב של מספר שכירות 8', 'שכירות', 0, '2019-12-14 13:25:59', 'החזרת שכירות'),
(64, '207075680', '9', 'לכל העובדים', 'מחר צריך לחזיר רכב של מספר שכירות 9', 'שכירות', 0, '2020-01-04 16:33:15', 'החזרת שכירות'),
(65, '123456788', '10', 'לכל העובדים', 'מחר צריך לחזיר רכב של מספר שכירות 10', 'שכירות', 0, '2020-01-09 20:38:14', 'החזרת שכירות'),
(66, '318428117', '11', 'לכל העובדים', 'מחר צריך לחזיר רכב של מספר שכירות 11', 'שכירות', 0, '2020-01-11 20:44:45', 'החזרת שכירות'),
(67, '318428117', '12', 'לכל העובדים', 'מחר צריך לחזיר רכב של מספר שכירות 12', 'שכירות', 0, '2020-01-14 22:30:15', 'החזרת שכירות'),
(68, '318428117', '13', 'לכל העובדים', 'מחר צריך לחזיר רכב של מספר שכירות 13', 'שכירות', 0, '2020-01-19 11:50:36', 'החזרת שכירות'),
(69, '207075680', '14', 'לכל העובדים', 'מחר צריך לחזיר רכב של מספר שכירות 14', 'שכירות', 0, '2020-01-19 10:30:36', 'החזרת שכירות'),
(70, '123456788', '15', 'לכל העובדים', 'מחר צריך לחזיר רכב של מספר שכירות 15', 'שכירות', 1, '2020-01-28 16:00:05', 'החזרת שכירות'),
(71, '123456788', '16', 'לכל העובדים', 'מחר צריך לחזיר רכב של מספר שכירות 16', 'שכירות', 0, '2020-01-26 09:15:41', 'החזרת שכירות'),
(72, '318428117', '17', 'לכל העובדים', 'מחר צריך לחזיר רכב של מספר שכירות 17', 'שכירות', 1, '2020-02-09 14:26:04', 'החזרת שכירות'),
(73, '318428117', '18', 'לכל העובדים', 'מחר צריך לחזיר רכב של מספר שכירות 18', 'שכירות', 1, '2020-01-26 09:29:18', 'החזרת שכירות');

-- --------------------------------------------------------

--
-- Table structure for table `password_verification`
--

CREATE TABLE `password_verification` (
  `ID_Employee` varchar(10) NOT NULL,
  `Question_1` varchar(50) NOT NULL,
  `Answer_1` varchar(50) NOT NULL,
  `Question_2` varchar(50) NOT NULL,
  `Answer_2` varchar(50) NOT NULL,
  `Question_3` varchar(50) NOT NULL,
  `Answer_3` varchar(50) NOT NULL
) ENGINE=InnoDB DEFAULT CHARSET=utf8;

--
-- Dumping data for table `password_verification`
--

INSERT INTO `password_verification` (`ID_Employee`, `Question_1`, `Answer_1`, `Question_2`, `Answer_2`, `Question_3`, `Answer_3`) VALUES
('123456788', 'favorite movie?', 'tomb raider', '?feet size in 2016', '39.7', 'my brother\'s second name?', 'basem'),
('207075680', 'first flight name?', 'kb800', 'name of fathers grandpa?', 'tareq', 'favorite movie?', 'home alone 2'),
('210235469', 'first project name?', 'rentCarApp', 'favorite drink in winter?', 'ice coffee', 'favorite color?', 'light green'),
('318428117', 'באיזה תאריך היתה נסיעה שניה לחול?', '21/02/2018', 'שם של אוכל מועדף?', 'שושברק', 'שם הקלב השני?', 'מאקס');

-- --------------------------------------------------------

--
-- Table structure for table `rent_details`
--

CREATE TABLE `rent_details` (
  `Rental_ID` int(11) NOT NULL,
  `Rent_Date` datetime NOT NULL,
  `Rent_Days` int(11) NOT NULL,
  `Returned_Date` datetime NOT NULL,
  `Payment` float NOT NULL,
  `Payment_Type` varchar(10) NOT NULL,
  `Price_For_Day` float NOT NULL,
  `KM_For_Day` int(11) NOT NULL,
  `Rent_Distance` double NOT NULL,
  `Return_Distance` double DEFAULT NULL,
  `Quantity_Fuel_Rent` varchar(5) NOT NULL,
  `Quantity_Fuel_Returned` varchar(5) NOT NULL,
  `Car_Status_Rent` text NOT NULL,
  `Car_Status_Returned` text NOT NULL,
  `ID_Employee_Rent` varchar(10) NOT NULL,
  `ID_Employee_Returned` varchar(10) NOT NULL,
  `ID_Customer` varchar(10) NOT NULL,
  `Car_Number` varchar(9) NOT NULL,
  `Payed` float NOT NULL
) ENGINE=InnoDB DEFAULT CHARSET=utf8;

--
-- Dumping data for table `rent_details`
--

INSERT INTO `rent_details` (`Rental_ID`, `Rent_Date`, `Rent_Days`, `Returned_Date`, `Payment`, `Payment_Type`, `Price_For_Day`, `KM_For_Day`, `Rent_Distance`, `Return_Distance`, `Quantity_Fuel_Rent`, `Quantity_Fuel_Returned`, `Car_Status_Rent`, `Car_Status_Returned`, `ID_Employee_Rent`, `ID_Employee_Returned`, `ID_Customer`, `Car_Number`, `Payed`) VALUES
(1, '2019-08-01 19:10:33', 9, '2019-08-10 19:24:23', 2110, 'שולם', 130, 200, 54785, 57500, '8/8', '7/8', 'הכל תקין', 'הכל תקין', '210235469', '210235469', '209417625', '2123487', 2110),
(2, '2019-08-08 14:00:13', 14, '2019-08-22 14:36:59', 1905, 'שולם', 130, 250, 70576, 74086, '8/8', '5/8', 'הכל תקין', 'הכל תקין\r\n', '210235469', '210235469', '123456788', '4525236', 1905),
(3, '2019-09-01 19:41:41', 30, '2019-10-01 19:52:53', 3300, 'שולם', 110, 200, 90456, 96400, '8/8', '8/8', 'הכל תקין\r\nיש שריטה בדלת הנהג', 'הכל תקין\r\nיש שריטה בדלת הנהג\r\n', '207075680', '123456788', '315456214', '3125468', 3300),
(4, '2019-10-15 19:54:16', 15, '2019-10-30 20:00:32', 2550, 'שולם', 170, 200, 85478, 88300, '8/8', '8/8', 'הכל תקין', 'הכל תקין\r\n', '123456788', '318428117', '987654322', '2457895', 2550),
(5, '2019-11-05 20:02:09', 40, '2019-12-15 20:08:02', 6000, 'שולם', 150, 250, 45785, 55200, '8/8', '8/8', 'הכל תקין', 'הכל תקין', '318428117', '318428117', '210235469', '2458754', 6000),
(6, '2019-11-15 13:00:06', 24, '2019-12-09 20:14:42', 2915, 'שולם', 110, 200, 57600, 62500, '8/8', '1/8', 'הכל תקין\r\n', 'הכל תקין\r\n\r\n', '318428117', '318428117', '209417625', '2123487', 2915),
(7, '2019-11-20 15:00:58', 25, '2019-12-15 20:24:00', 3500, 'שולם', 130, 200, 96400, 101550, '8/8', '4/8', 'הכל תקין\r\nיש שריטה בדלת הנהג', 'הכל תקין\r\nיש שריטה בדלת הנהג', '318428117', '207075680', '325478564', '3125468', 3500),
(8, '2019-11-30 12:25:59', 15, '2019-12-15 15:29:54', 2326, 'שולם', 150, 200, 98424, 101500, '8/8', '8/8', 'הכל תקין', 'הכל תקין\r\nשריטה בדלת ימין אחורה', '207075680', '207075680', '318428117', '3215684', 2326),
(9, '2019-12-20 16:33:15', 16, '2020-01-05 16:40:30', 3020, 'שולם', 170, 200, 88300, 91700, '8/8', '4/8', 'הכל תקין\r\n', 'הכל תקין', '207075680', '123456788', '325478564', '2457895', 3020),
(10, '2019-12-25 20:38:14', 16, '2020-01-10 20:42:10', 2400, 'שולם', 150, 200, 101550, 104005, '8/8', '8/8', 'הכל תקין\r\nיש שריטה בדלת הנהג', 'הכל תקין\r\nיש שריטה בדלת הנהג\r\nפנס קדמי ימינה שבור', '123456788', '123456788', '999555222', '3125468', 2400),
(11, '2020-01-05 20:44:45', 7, '2020-01-12 20:46:31', 1050, 'שולם', 150, 200, 45774, 47150, '8/8', '8/8', 'הכל תקין', 'הכל תקין', '318428117', '318428117', '213546877', '5477689', 1050),
(12, '2020-01-15 08:30:15', 0, '2020-01-15 22:50:18', 250, 'שולם', 150, 200, 104300, 104600, '8/8', '8/8', 'הכל תקין\r\n', 'הכל תקין\r\n\r\n', '318428117', '318428117', '222444666', '3125468', 250),
(13, '2020-01-15 11:50:36', 5, '2020-01-20 20:52:02', 1125, 'שולם', 150, 200, 47150, 48500, '8/8', '7/8', 'הכל תקין', 'הכל תקין', '318428117', '207075680', '123456788', '5477689', 1125),
(14, '2020-01-17 10:30:36', 3, '2020-01-20 11:15:25', 570, 'שולם', 190, 200, 75897, 76200, '8/8', '8/8', 'הכל תקין', 'הכל תקין', '207075680', '207075680', '209417625', '9457854', 570),
(15, '2020-01-20 16:00:05', 9, '2020-01-29 16:00:05', 1350, 'שולם', 150, 200, 104600, NULL, '8/8', '', 'הכל תקין\r\n\r\n\r\n', '', '123456788', '', '222444666', '3125468', 1350),
(16, '2020-01-23 09:15:41', 4, '2020-01-27 12:24:21', 1235, 'שולם', 190, 200, 55200, 56300, '8/8', '1/8', 'הכל תקין', 'הכל תקין', '123456788', '318428117', '315456214', '2458754', 1235),
(17, '2020-01-24 14:26:04', 17, '2020-02-10 14:26:04', 2720, 'שולם', 160, 200, 2550, NULL, '8/8', '', 'הכל תקין', '', '318428117', '', '325478564', '74578847', 2720),
(18, '2020-01-24 09:29:18', 3, '2020-01-27 09:29:18', 450, 'שולם', 150, 200, 48500, NULL, '7/8', '', 'הכל תקין', '', '318428117', '', '213546877', '5477689', 450);

-- --------------------------------------------------------

--
-- Table structure for table `signature`
--

CREATE TABLE `signature` (
  `Rental_ID` int(11) NOT NULL,
  `Rent_Signature` blob,
  `Return_Signature` blob
) ENGINE=InnoDB DEFAULT CHARSET=utf8;

--
-- Dumping data for table `signature`
--

INSERT INTO `signature` (`Rental_ID`, `Rent_Signature`, `Return_Signature`) VALUES
(1, 0x89504e470d0a1a0a0000000d4948445200000140000000c80806000000990438ab000000017352474200aece1ce90000000467414d410000b18f0bfc6105000000097048597300000ec300000ec301c76fa8640000057749444154785eedd58b6a1b510c45d1feff4fa70c64c035f63ce5a4d2590b2e6d89c74e94abdd3f5f00a10410882580402c0104620920104b0081580208c4124020960002b10410882580402c0104620920104b0081580208c4124020960002b1041088258040acb601fcf3e7df6f7df9f7f301d8d23a807bb1dbfa1a40fb001e2182c02b31011441e05944005722083c8a0ae042048155eb1a5c8d595204d7ff28ee1e9848009b7a8cd3d6a9f0ea7d8f1cf8df450670d169411fa3b29edf70f6739fbfe757077e53eb1b7877812ce079d5335b4378f64085e8002e2cd339ffcbbcd6106e1dd8238016e5944ef35a43f8ee407c001796e19c29f35a43e8f79f4b00bf5982e326ce4a0833b5fd8d575f5697ff38b3620a01fc66a98f332ba610c00716fb1873620a017c60b18f3127a610c02796fb18736202017c62b18f31272610c02716fb18736202017cc172ef33232610c0172cf73e336202017cc172ef33232610c0172cf73e336202017cc3826f331f2610c0372cf836f36102017cc3826f331f2610c0372cf836f36102017cc3826f331f2610c0372cf836f36102017cc3826f331f2610c0372cf836f36102017cc1726f331fa610c0172cf836f3618a9637f9d30b68c1b7990f5308e00b167c9bf93085003eb1dcfbcc882904f089e5de67464c21804f2cf73e33620a017c60b18f3127a610c06f96fa1873621201fc66b18f3127268908e0f2fabdc33166c524630378246e8f5f3ff27a8ecd1eba68799bdf2de1d9886dbd0faf990d93b4bccd8f4bb8fc7d3d67ecbdfeca7b2630132669799bd725bc1aa933cf58f87f990793b4bccd6bf8ce86ecec33ababcf4d640e4cd23680eb9f474f85aaf7e9cc0c98a475007f437200c48f6904f02401843904f082d4100820d308e04589311040a611c01bd28220804c2380370820f4268037254541009946006f1240e84b006f1240e84b000b248441fc9848000b0820f4248045a60742009948008b0820f4238085264742009948000b0920f422808504107a11c0420208bd08602101845e04b0d0d448881f5309602101845e04b0d8c45808205309603101843e04b09800421f02584c00a10f012c2680d08700161340e843008b0920f42180c50410fa10c06202087d08603101843e04b09800421f02584c00a10f012c362d16e2c76402584c00a10f012c2680d08700161340e843008b0920f42180c50410fa10c06202087d0860b149c1103fa613c06202087d08603101843e04b09800421f0258685a300490e904b09000422f0258685230c48f0402584800a117012c2480d08b001699160c01248100161140e82726809f5e6801847edadef2b30bfac9859e180b01244144003fbdcc02083d09600101849e04f0a6a9a110401208e04dbf118ae5333ffdb9bff173c14f6b7bcb8f2ee8c450fcc4670a2009dadef2e4002ea6fe5cf093dadef2f4007e9a009240006f9a180af123c5e8008adf3502480a01bc4100a13701bc68722404901402789100427fa303b8f8d4320b20f42780174c0f84009242002f4808840892a0f52d3fb2a4d58b9c1206012481009e240c3087009e207e308b009e208030cbf8002e2ac2257e308f001e2480308f001e207e30534400175723267e309700ee104098abfd767f3282e207b345057071f4f5e207f3c50570b13cb3f59cf84186c800aed6103e1f20437400816c23ea2182c015a3022884c019638a217ec059aa01c4124020960002b10410882580402c0104620920104b0081580208c4124020960002b10410882580402c0104620920104b0081580208c4124020960002b10410882580402c0104620920104b0081580208c4124020960002b10410882580402c0104620920104b0081580208c4124020960002b10410882580402c0104620920104b0081580208c4124020960002b10410882580402c010462092010eaebeb2f0722bf8d44577afc0000000049454e44ae426082, 0x89504e470d0a1a0a0000000d4948445200000140000000c80806000000990438ab000000017352474200aece1ce90000000467414d410000b18f0bfc6105000000097048597300000ec300000ec301c76fa864000006ad49444154785eedd6d16edbc8124551ffff4fe75a37d2589125b2aad924bb596b017a182071accdc3c27cfd0128ca0104ca720081b21c40a02c071028cb0104ca720081b21c40a02c071028cb0104ca720081b21c40a02c071028cb0104ca720081b21c40a02c071028cb0104ca720081b21c40a02c071028cb0104ca720081b21c40a02c071028cb0104ca720081b21c40a02c071028cb0104ca720081b21c40a02c07f0245f5f5f4d1fa01f6fd4c1b61eb2e763b8f5674175de9e9d1d71acf6fcd97065de9a9d9c71941effa6630831de94ce4639408e20acf39674f0387aa31d1d47109679433618f1e8bd9ae17784b378331acd76541c41f8cd5b9134f3ff513982f02f6f44d2ec47c411841fde86a42b1c104710fef226245de578dcbe87434875de80a4ab1d0d4790caac3fe98a07c311a42acbe7ff1c412ab27afee308528dc5f30f47904aac9d5f1c41aab074de7204a9c0cabf79d9dfd385abb3f06f5ef4cfb4e1caacfb9b97fc336db832ebfee6255fa60f5765d9dfbce0eb343ad7adbf67d09fa277c6b54ea373e9df9fa277c6b54ea373e9df9fa277c615a3d3b9f4ef4bcd3bc38ad1e95cfaf7a5e69d61c569752efdfb51f2cea8e2b43a97fefd28796754715a9d4bff7e94bc33aa1cbdcea37d3f4a3e31ac38adcea37d3f4a3e31ac38adcea37d3f4a3e31ac1cbdcea17b3f4a3e31ac1cbdcea37d1f2abe30ac98ab76ba7daf333e592d7f87df547c61583157e9f438408fcf595e7f8fa5cfe3cfb39d8a2f0c2b66d64e8f23f2f8cce8f53bccfa3d46a0dc0b638a99b1d3959eedeb77b9fdf7bb0fcb147a6134313376badab38d7c9fdb9f897caaf2b6bfa83c86a8591b5dedd9f6fc3eb79ff5e97365def617577fe03dccdae86acfd656b753f085512dd3671c9ec5760abe30aacfb4198f67b28d7a6f18d56f9a8cc973d946bd378cea374dc6e4b96ca3de1b46f52f3dc6e5d96ca3de1b46f5438bb1793edba8f78651fdd0627c9e513be5de30a8bf749883e7d44eb9370c4a83997856ed947ba3faa0bc5073f1bcda29f741d5517999e6e399b553ee030790597866ed94fbc00164169e593be53e7000998567d64eb90f1c4066e199b5536e41c5617999e6e399b5536e8103c80c3cb376ca2da83a2c2fd47c3cb336aa2da83c2a2fd45c3caf36aa2da83e2a2fd53c3cab36aa2d30aabf0d74189f67d446b50546f5c3211c9b67d346b50546f59b2663f25cdaa8b6c0a8debb75d1663c9e499e620b0c6a99433816cf224fb11546b54ea331780e798aad30aa751a8dc173c8536c8551c5dc3a69752efdf3145b6154390ee17974cf536c8551b571088fa7779e622b8c6a1bfd8ea3759e622b8c6a1bfd8ea3759e622b8c6abb5b431df7a7719e622b8caa1f2df7a56f9e622b8caa2f3df7a36d9e622b8caa3f4df7a16b9e620186d59fa6fd699aa7588061ed43d7bef4cc532cc0b0f6a16b5f7ae629166058fbd1b61f2df3140b30ac7de9db878e798a0518d6fe34ee43c71cb5028c6a7f1af7a1638e5a0146750c9db7d33047ad00a33a86cedb6998a35680511d47eb6df4cb512bc0a88ea3f536fae5a8156054c7d17a1bfd72d40a30aae368bd8d7e396a0518d5b1f46ea75d8e5a0146752cbddb6997a35680511d4ff336bae5a8156054c7d3bc8d6e396a0518d5f1346fa35b8e5a0146753ccddbe896a35680511d4ff336bae5a8156458c7d2bb8d6e396a0519d6b1f46ea35b8e5a4186752cbddbe896a35690611d4bef36bae5a8156458c7d2bb8d6e396a0519d6b1f46ea35b8e5a4186759c515bcfb0013bcd512bc8b08ee1f86d63a7396a0519d631463e80336cc04e73d40a32acfd69bc9d86396a0519d6bef4ed43c71cb5820c6b3fdaf6a3658e5a4186d5dfada9ae7de999a3569061f5a5e77eb48d532ae8ac51ddfeddab0dda0bba2f7de3940a3a7b54b31fc2c7ef3ff3779885c6714a058d32aae743f2fc19d1e8bfdf55e91da754d0e8a31ae9d88cf27b54a57d9c5241338dea71805e3f7b38eadf21ce3388532ae80aa37a3e52bd3e8cc77389532ac8a89885adc629156454ccc256e3940a322a6661ab714a25181633b0d338a5120c8b19d8699c520986c50cec344ea904c36206761aa754826131033b8d532ac1b098819dc629956058ccc04ee3944a302c6660a7714a251917a3b3d138a5928c8bd1d9689c5249c6c5e86c344e29b81807304e29b81807304e29b81807304e29b81807304e29a02c071028cb0104ca720081b21c40a02c071028cb0104ca720081b21c40a02c071028cb0104ca720081b21c40a02c071028cb0104ca720081b21c40a02c071028cb0104ca720081b21c40a02c071028cb0104ca720081b21c40a02c071028cb0104ca720081b21c40a02c071028cb01048afaf3e77f135f1645a936eafc0000000049454e44ae426082),
(2, 0x89504e470d0a1a0a0000000d4948445200000140000000c80806000000990438ab000000017352474200aece1ce90000000467414d410000b18f0bfc6105000000097048597300000ec300000ec301c76fa864000005ef49444154785eedd4814ee33a144551feffa779ca3c55d4b5a1c1b11393b396540d03c409b9bafbe31320940002b10410882580402c0104620920104b0081580208c4124020960002b10410882580402c0104620920104b0081580208c4124020960002b10410882580402c0104620920104b0081580208c4124020960002b10410882580402c0104620920104b0081580208c4124020960002b10410882580402c0104620920104b0081580208c4124020960002b10410882580402c0104620920104b0081580208c4124020960002b10410882580402c0104620920104b0081580208c4124020960002b10410882580402c0104620920104b0081580208c4124020960002b10410882580402c0104620920104b0061b08f8f8f7f1fd6674a309800fe1da604833de22782eb3321184c00ff0e13824904707d26049308e0fa4c082611c0f599104c24826b331d984800d7663a309100aecd746022015c9be9c04402b836d3818904706da6031309e0da4c87e9b608a4864000d7663a4cf5088000b222d3612a01b4622b331da6795efee41088e0ba4c866904f07f02b82e93618ad7a517405664324c21805f04705d26c370ad8517405664320c774500b7f35f3fab58e95928990cc3bd2efccc00fc14bb95c2b3d2b3f0c55438e475b15b8b3e63f9b733f79c3be3de3d56790e4aa642b75684defdffa8d63ddf19fd0c3d5678066aa642b7d652bf7e6fe4e21f39ebea005d7d7fda4c856eada57efddea8c53f7aced501bafafeb4990addf6c46ec4e2af72c61157df9f3653a1dbeb52b796fce8e28f0ac70a015ae119289908dd5e17faddff7b8c8cc6d501bafafed44c846eef827774e14707e3aa006df77dfeb00ed3a0dbf332bf2ef68845ef3de3bbeb463cd33bdb3d5e3fcf7efa19e73301ba3d2ff0775f1fd17bce77d78d7aae96edecbde73f7ef737d73087b74fb7e7e57d7c3d72a17bcffaeeba91cff6ace7dced9a59cfc37e26c0218f259eb1d0bde77d77dde8e7dbcc3893f3985e9059cbba9dbb525c5ad7adf47cacc304c3fca510f49cbb5dd3ba6ef433cefa9b3997298699b1b8b362d0736eeb9ad1cf37ebefe57c261966c6f2ce0ac24fe7b67eb6f77b47cdfa7b399f498619bdbc3363f0eeecede7cfbff3fafb339e6dc6995cc734c38c5ee0d941d873fef63bafbf37e3b966ffad9ccf44c38c5ee233a2f0ee1e8f9f6fff3e3e33cc3a97eb986898d14b7c56145af7d9be77e5fdf9fb4c35d0a8653e3b0a8fe03d3e673afb7e9cc354038d5ae6942888df7d996c2001fc1d01bc2f930d2480bf2380f765b281462c74521404f0be4c369000ee277ef766ba8104703f01bc37d30d2480fb09e0bd996e2001dc4f00efcd740309e07e02786fa61be8e85227454100efcd740309e07e02786fa61b4800f713c07b33dd4002b89f00de9be98619b1d0695110c1fb32d93002f87b02785f261b66d4328b207760aa61462ef276564a1856ff3b05ba8fb716c6a2f459f5bd6dcf65a6fdbcb93096a5df4aef4ef8c6f006c3589a6356787f66388e3719c6f21c77e53b34bfb1bccd3016e8b82bdee1764fb31bcf1b0d6389c638f33d9ad93cde6c18cb34ceec77b99d6f5e7379bb612cd458a323f538cf9ccee12d87b15873f486ebf9badf5ecb71de78184b36df4f51fbe9679ccf04c258baf309deba4c248c25842fb6218c00c217db104600e18b6d08227e50b2114104104a3622880042c94604114028d988200208251b114400a16423820820946c44100184928d08228050b2114104104a3622880042c94604114028d988200208251b114400a16423820820946c44100184928d08228050b2114104104a3622880042c94604114028d98810e207355b114200a1662b420820d46c450801849aad08218050b3152104106ab622840042cd56841040a8d98a100208355b114200a1662b420820d46c450801849aad08218050b3152104106ab622840042cd56841040a8d98a100208355b114200a1662b420820d46c450801849aad08218050b3152104106ab622840042cd5604103f68b319010410da6c46000184369b114000a1cd6604104068b319010410da6c46000184369b114000a1cd6600b1041088258040a8cfcfff00ff34f1770006e8cc0000000049454e44ae426082, 0x89504e470d0a1a0a0000000d4948445200000140000000c80806000000990438ab000000017352474200aece1ce90000000467414d410000b18f0bfc6105000000097048597300000ec300000ec301c76fa864000005d449444154785eedd4db6ee3300c40c1fdff9feec22882b68eefa21cd19c01f292268a4b50e7df174051020894258040590208942580405902089425804059020894258040590208942580405902089425804059020894258040590208942580405902089425804059020894258040590208942580405902089425804059020894258040590208942580405902089425804059020894258040590208942580405902089425804059020894258040590208942580405902089425804059020894258040590208942580405902089425804059020894258040590208942580405902089425804059020894258040590208942580405902089425804059020894258040590208942580405902089425804059020894258040590208942580405902089425804059020894258040590208942580405902089425804059020894258040590208c9fdfbe71a5f657290dc144011bcc6d4e00104f01a53830710c06b4c0d1e4000af31357808113ccfc4e04144f01cd3820711c0734c0b1e46048f33297818013ccea4e06104f03893820712c1634c091e48008f3125782811dc6742f06022b8cd74e0c104709be9c0c389e03a93818713c07526030588e032538102047099a9400102b8cc54a008117c6722508400be3311284200df99081422827f99061422807f99061423823f4c02929a42b6f75ab2f67e452601c96cc56d6ee9b302f8c324208933e19b9b7f5704bf9902241015ac570805f09b29c0e07ac44a04bf99000cae57a8045000616822d597e9c2c004b02fd365785304e6af0aaafc9f9f64c20c6d29780248141366684b11a81006f1bb872933acb5080820514c99610920bd9932439a02b015c0adbf67f7d4ff6b4426cd90b622f0fb6f4f8c8500dec7a419d25a04a6f7e7af484be7ff7edde1aedf410019d45a04e6ef47c5623ae7c85951bfb7e58edfe09b4933a4a508ac456aedfda3ce7eb7e5b78ee87d3e3f4c9a212d45607a6f2d0e57a371f7f78ee879367f9934435a8ac056183e11b25ea1ea752eef4c9a212d45602b0c57a211119a1eb1ea7126cb4c9a21cd2370240a67c311119a1eb1ea7126cb4c9a21cd2370240a67c311159ae860459fc73a936648f3081c89c299708c1cade867639d4933a47904f6a270361ad19119fd3c969932439a07602f086783d123309167f6783ede9932439a07602f086783d123309167f6783ede9932439a07602f08678371253047be73e5dc2551e7b0cd9419d23c007b41b8128c1edfb972e692a873d866ca0c691e80ad20b4c4e2ec77f73edff22cbf459dc33653a649af8bba74eed1f7ce38fbfdbdcfb73ecf4bd4396c33659af4baa86be7fe7e3fe2b7a733ce9cb3f7d988677a893c8b65264c935e9774ebdce96faf5794a3e7ed7d26fa99e8cb8469d2eb927eeaf24fbfbbf6db5b7f7b897eeee8f3f8cb7469d2eb827efae24fbf3f7f1d71f47347459fc75fa64b935e1734ebc5eff1dc22d88fc9d244007f98453e264b1397fe47cf6716c13e4c95663d2ee748177e7a96dfafdfd6deefe18edfa8c64469d6e3628e7cd95fc1fbc433b6fee6c873fd04d3a0598f4be5a2aebb3a1b337d67223413c0fb5d998f99be33119a09e0674c337abd8e30d3772642b31e17cb653d672f84e6b9cc54682680e3788570e9c53b53a1598fcbe5c272075b463301242b5b463301242b5b463301242b5b463301242b5b463301242b5b463301242b5b46b3e858891f77b16984888c960072179b46080124239b46080124239b46080124239b46080124239b46080124239b46080124239b46080124239b46080124239b46080124239b46080124239b46080124239b4688a868891f77b26d84104032b26d84898897007227db461801241bdb461801241bdb461801241bdb461801241bdb461801241bdb461801241bdb461801241bdb4698d6784ddf1740ee64db08131140b8938d238c80918d8d258c00928d8d258c00928d8d258c00928d8d25940892896d25940092896d25940092896d25940092896d25940092896d25940092896d25940092896d25940092896d25940092896d25940092896d25d41440112487afafff9f59ee7a2658be7b0000000049454e44ae426082),
(3, 0x89504e470d0a1a0a0000000d4948445200000140000000c80806000000990438ab000000017352474200aece1ce90000000467414d410000b18f0bfc6105000000097048597300000ec300000ec301c76fa8640000071a49444154785eeddddb0adcb81240d1f9ff9fcec10ce2781c5fd4b654925d6b8119d2ddbe85aacdbce59f3f004909209096000269092090960002690920909600026909209096000269092090960002690920909600026909209096000269092090960002690920909600026909209096000269092090960002690920909600026909209096000269092090960002690920909600026909209096000269092090960002690920909600026909209096000269092090960002690960907ffef1577d66f9fbb97bc05da62748f645dd466b7b3cd1f25ae4625a82645ccc51511a714fdec99404f9fa4296e8ac8f9146df9f77302541beb890b3c4eec8cccfc61c4c4790b72f6289c9fa7883b73c2763988e206f5cc4b7c56e8f0072c6740479d322be3d7a6b02c819d31168e6652cd1fb5a30049033a623d08ccbf8c5e815e2c715131268a685fc72f816e2470d531268f45296e87d3d0ee2472d931268d4626688de22cb7bd28e690914bd9c198250def1ebef491fa62658c4a2660982e8f194090ad673693384afbce3d7df9318a628588fc5fd7a10cafb7df91d19c344056bb9c45f8d4279afafbe1ff3305dc15a2cf417c350dee96befc5dc4c5bb0a70bfed5f0c108262fd89365ff4a284af4848fd14c60b03b4bff8558947778fb7bf02da631d8af01787330448fd999cc016a83f0d670881e6f614a07a889c31b03227cbc8d691de02a126f8b88f0f156a67680b358bc2924c2c7db99de018ea2f1869894e8091f5f608a07d90664e6a0881e5f65a207794300458faf33dd83acc33253644af4848f0c4cf9202530b3c50f3231f183cc12c0e5fee5806c4cfd20334447f4c8ce060c32323e33c41766600b06191520e183ffb30d834487c8fff5c1df6cc4205131123e38663306888a92f0c1391b126c1da59e81123fb8664b82f50ee0724df1833a362558af000a1ffccec604eb1140e1837b6c4ea06da85a844bfce03edb13a865009773c50f9eb141819e06b0444ff8a00d9b14682f5c3531133de8c35605ba1340e1837e6c5790a3909d056e96f82dcf7174c09b99e02047b1d8fb7c645ccabdd7c7999adfc0ac4c6e90a348ac3f1f159372df27f71ef5ecf084890d721487f279ef789440ed1dadb4bc164430b1418ee2d03a426be5dabdaebf27f25ef094690db20dc33a4c2da351aedbf29abf18755fb8c3b406d846e1eacf772cd7181d9fd1f7875f99d800eb30ec45e2493896736709cf2ccf01b54c6c8012a9a340fc128ef5b57e39afb7999e056a99dace6a4255f37dcd75469af9d9e088a9ed641dacab38ec7d5fcebf3a77066f7846d863721bdb8bd65520caf7e5dcabdfcfe24dcf0a7b4c6f434731388b4489c8db42f2b6e7853da6b881ab806dbf2bbf5f7f7e76fe6cdef4ac70c6243f74158312baf5b1e7e8f3999c3d3fbc9169bee92a06dbefafc271f5fd48db7781af30d537ecc5a044e228167b9fad5d7d3fcaaccf052d98ee1b4ae4d6c795abdfd45c23da8ccf042d99f0206f0ba0f89181290f52139419a2b33c83f89185490f327b00858f8c4c7c905903287c6466f2035d85263a44c247763620d04c01143f10c050330470b987f8c1bf6c42a0d101143ef82f1b11a826403d22b55c53fce06fb622d088000a1f1cb31dc1ae82d42a58cb75c40fced99060bd03287c50cfa604eb1940e183dfd898603d02b89c237ef03b5b13ac7500850feeb33dc15a0570f99df8c1333628d8d3000a1fb46393823d09a0f0415b362a584dc4f67e237ed09ead1ae02a66dbefc50ffab05903d40670f9aff8413fb66b809a000a1ff467cb06388a5b099ff8410c9b36c05900d7ff05fab26903ec056efd9900420c9b36c03676dbe00920c4b06983ec85af10408861d38295f09d454e0021864d0bb40e5b7400976b0a2bfc978d08b28d4fef0096e09503f89bcde8ec28406751ba1bac72afbbe7433636a5a3bb91fb3560a207f7d89a0e6a8374f49bda736bef03ecb33d8dfd12a4a3df9e5d43f4a01d9bd4d0af61aa0d6089deafd707ced9a846eec4e9e89c75f0ee5c17a863bb1ab81ba9bdf3440fe2d8b4079ec6aa9c5baeb3fe33d09f4dbbe969a4b6d15b13408861d36eb813a875f0d6e7ef5d6bef33a03d9bf6a35fe3b40dde9600c23836ed07b5612ad1abf9fdde6f6aef033c63d32ad5c6ecd77809208c63d32a1d856a7ddc71745da03f9b56691dba72b4b0bd4eabeb02d76cdb04d6d113408863db26208030866d9b8000c218b66d124bf8c40f62d9b8890820c4b271405a0208a42580405a0208a42580405a0208a42580405a0208a42580405a0208a42580405a0208a42580405a0208a42580405a0208a42580405a0208a42580405a0208a425809329ff3a9c7f250efab36193380a9e10423f366b0257811340e8c3664d4000610c9b35d012b69ab80920f461b306124018cb660d24803096cd1aec2a82e207fdd8aec1ce02287ed0970d9b4409e1fa00fab265405a0208a42580405a0208a42580405a0208a42580405a0208a42580405a0208a42580405a0208a4258040527ffefc0f6d200c41f9f1822f0000000049454e44ae426082, 0x89504e470d0a1a0a0000000d4948445200000140000000c80806000000990438ab000000017352474200aece1ce90000000467414d410000b18f0bfc6105000000097048597300000ec300000ec301c76fa8640000083b49444154785eeddbdbb2dbb6124041ffff4f3b611c38b4424900081097e9aed2c33996789d59b55ff2e3274050020884258040580208842580405802088425804058020884258040580208842580405802088425804058020884258040580208842580405802088425804058020884258040580248183f7efcc8fe108337cdf2ae0276f52971e7b7acc39b65494fc7e9e9f3f10c6f9365cc122111dc8737c9b4cec19b293a02b80f6f9269cc1abc2b22b8076f9161560ade2b01dc83b7c8e3560cde2b01dc83b7c8637608df41fcf6e14dd2dd2ee14b04701fde24ddec16be83f8edc5dba4a914bd1dc3277efbf146b96dd7e825c2b72f6f966a3b47ef4c00f7e5cd522c4af80ee2b7376f976cd1c2277efbf386f92a5a0c842f0e6f9ab722864ffc62f1b6f99f882110be98bc757e8bfa1790f8c5e5cdf38fa81110bfd8bcfd893db19cc739c48fa84cc0c47ac62972f80ee2c7c1144cac47a4842ff6fdf3279330b996cb1a7df1858f572662722d96f63846e4e58f7effbc672a1670677985cf88f39ee95840ed12478f1f7c634a1650b3cc510370dcb7f891cba42ca064a1a30640f8a861621691b3dc5103207cd432398bf8b6e4112370dcb3f87187e959c4a7458f1a3fb8cb142de26ae18fff2f5a0822de33fd98a445bc2e7dc408081fad99a8459c973f5a088efb153f7a30558b881a40e1a327d3b590487f0945ba57c631610b891005e1e349266d2111e2074f32718bd8f92fa39def8db999ba05a438ec1809e16324d337b97320768ac5712fe2c768267062af81d82118c2c74c4ce2c4ae42b1723c848fd998c849bd8bc58a1139ae59fc9891a99cd40e01143e66673a27f4291a2b0445f85885299dccb770cc1c16e16335a6752239f1983530c2c78a4ced44560ce0713de2c7aa4cee447243324b70848fd599e089ac12c0e3fce2c70e4cf1244a82322a3ec2c76e4cf324660fa0f0b123533d81d2b83c19a3e35ce2c7ae4cf604660ca0f01181091fac26323dc3247c4462d2079b2980c24734267ea03bc16919abe358e24744a67ea0d101143ea233fd038d0aa0f0c12fb660a01101143ef88f6d18e8c9001edf173ff8938d18a4458c728e217cf09ecd18a47700850fbeb32183f40ca0f0411e9b32488f001eff7bf5f8a57ba8fd40091333488b654dc75875f9d3759f3f77b53806719896415a2dfb2a0b9faef5fce9a5f7f1d9872919e4ce82a6059f79c9cfd738ea3a677e3eccc1840c52b39caf319971c15faf71a4199f0f73312183942ce7a7a88c5ef2746d9fae71a419af8979988e417217f3dbf79e5cf0e35caf9f99cd7e7d8c674206f9b69cb981e9bde4e93a7a9fa78715af9967999041de2d67696c7a2d79e975cc68f5eba73f1332d0eb82d62c6ceb253f8eb77a3876b8079e614a064a4b7a67615b2dfa9d6b98cd2ef7417f2665a056d1a93d463a7f8b6b98c54ef7427fa6659096e1c93d4e3a67cb73cf64c77ba22f1333405ad4560bfbe938c7bfa5cfce76bf3ffa30350fba0a518bc5bd3ac6d5b97614e53ee9c3e43ce0d392b658def3313e9d6b3751ee937e4c5067394b7a779153f4a20421d2bdd29729eaa464496b96391d3ffdb6e6182b8a729f3cc33435768e52899cdfa4635f7db7e69cab89708f3ccb44357467413ffdf6f8b76fc7de390e39f70f354c55032d16f4eaf725c7bd7bfe59ed7a5fccc174dd5012a86fcec7a9396eabeb9845cd33805226ac528fe5bcbbf43b04e3ee33801226ad508f054dc7bc7bdcd6d7f5a416f70fa54c5c81d60b7ab5f477ceb16240ae9e013cc5e4656ab9a49f96fece79560ac9a767004f31815fb45cd4dc63d59eafd575f694fb0ce00926f18d968b5a7aacdaf3b6bade1e4a9f013cc1445e68b5a8b54b7fe7fcb345a6f619c0134ce649ab656d719cdadfb7b8fe165a3c03e8cd84feabc5b2b65cfadae38c8e4ecb6700bd99d4bfdd5dd81e4b5f7bbc51f1e9f10ca0b7f0137b67697b2e7ded719f8e50cf6700bd859ddc3b8bfbd4d2d79ce389eb4a9e3c17f41072826b17f7f8ddec8179e2fa9e7e0ed04bb829ae8dca8885afbdd65e463d07e825d434972eef0c0b5f73cdadcdf01ca08710535db2c0e9bbb32c7ce975b4bcee999e03f41062ba739678d6652fbda616f730ebb380d6b69ff26f8b3cfbb2975edb9d7b99fd59406b5b4ffba7655e69d94baeb3f49ed27358e559404bdb4efdd542afbaec25d79bf3dd559f03b4b6ed069c977c8765cfbdfe4fdfdbe139404bb661117702287c70cd562ca22680c2079fd98e45940650f8e03b5bb2909ca81ddf113fc8635316f2296c297ce207f96ccb42aee2f61a3d01847cb665312978afe14b0410f2d99685bc8bde9900423edbb280d7f07d8a9c00423edb32b1d7f02502086dd89609bd0b5f2280d0866d99c8b7f09dbdfb9e00423edb328192f0250208f7d996816ac27776f55b01847cb66580bbe14b0410eeb12d0f6a15beb3d7e30920e4b32d0fe811be4400a19e6de9a867f8cecee71040c8675b3a782a7c8900421ddbd2d0d3e13b4be71540c8675b1a191d1e018472b6a58159a2735c8700423edb72c36cc1114028635b2ae586e6e9280920e4b32d15be4526454f8c606e36b4c0b7a8891eacc5b666ba0a5b0a9ef0c19a6c6d01c183bdd862202c0104c21240202c0104c21240202c0104c21240202c0104c21240202c0104c21240202c01e47ffc37cf4461baf9ed5df084905d99eae052dcbe054e00d991a90eac246a02c88e4c7550a54113407664aa03aa899900b223531d90bffee017931d5049d0c48f9d99ee608ea00920fc62ba03290d9ff8b13b131e486ed0848f284c7a203961133f2231ed817c8adbf16fe24734263e907781133ea232f9c1a4bff4ce1f88caf4036109201096000261092010960002610920109600026109201096000261092010960002610920109600026109201096000241fdfcf9178d8c69c75d42d5c80000000049454e44ae426082),
(4, 0x89504e470d0a1a0a0000000d4948445200000140000000c80806000000990438ab000000017352474200aece1ce90000000467414d410000b18f0bfc6105000000097048597300000ec300000ec301c76fa864000005cf49444154785eedd6d18eb3361446d179ff979e8a56e99fa6186c6c8373ce5a12ca2831cc4dbeadfcfc02242580405a0208a42580405a0208a42580405a0208a42580405a0208a42580405a0208a4258037fbf9f9f9f7029e658593bd07ef337a479f01f359dd44ad511341b897c54db0f78bae366e2208f7b1b6c14a01db8be21e0184fb58db4047f1aa0de04604e11e9636d059b85ac2d6124ce01a0b1ba43656ad51134198c7ba0668899400c23aacabd31d41134198c3b23a09207c2fcbea7057cc0410e6b0ac8bae46e9eefb8032abbaa027460208ebb0aa0b9e08e04604612c8bba400021068b6ad41ba1a7ef07feb0a64602087158538311f11140588735355821801b1184312ca98100422c96d460a5788920f4b3a24aab854b00a19f1555124088c78a2a0920c4634595560c9708421f0baab06ab40410fa5850050184982ca88200424c1654410021260baa208010930555104088c9824e8c8e8c00c23a2ce88400425c16744200212e0b3a21801097059d104088cb824e0820c46541270410e2b2a00333022380b00e0b3a2080109b051d583980e207fdace88000426c567460d5008a1f8c614907041062b3a4032b0650fc601c6b3a2080109b3515cc0a4dcf73c50fc6b2a882d502287e309e55150820c46755052b0550fc600ecb2a582580e207f358578100427cd655b04200c50fe6b2b082a703287e309f95153c1940f1837b585ac11301dc3e133fb88fb515dc1940e18367585dc12b48af388d8ad4fb33463d13b8c6fa0a4a717abd7f74eda93d07dcc70a0b7a02f519baf767bdff0d3ccb1a777c466b2401847558e30e01841cac718700420ed6b8430021076bdc2180908335ee1040c8c11a0b0410e2b3c6020184f8acb14000213e6b2cd8423523560208ebb0c6020184f8acb14000213e6b2c104088cf1a0b5ea11a1d2c0184755863c18c008a1facc5220b0410e2b3c8020184f82cb2e03d56a3c22580b0168b2c104088cf220b0410e2b3c882cf588d889700c25a2cb24000213e8b2cd88b556fc00410d66291050208f159648100427c1659508a554fc40410d66291050208f15964c151acae864c00612d1679a0142c0184182cf28000426c1679e0285857622680b0168b3c2080109b451e380b566bd00410d66291278ea22580f0dd2cf2c459b45aa22680b0168b3c21801097459ea889566dd80410d66291270410e2b2c80aa3222880b0168bac30ea179e00c25a2cb28200424c1659a1255c47670510d6629115041062b2c84a23222880b0168bac2480108f45566a8dd7de790184b55864250184782cb2416f040510d662910dae04ecfd1e0184b55864030184582cb2c1d580bdee1340588b4536ea89a000c25a2cb29100421c16d9a8276202086bb1c846bd0114415887355e70356202086bb1c60b7a02f8fe0a3ccb122fe80de04604e1795678d195800920acc50a2fea0de04604e1591678d188006e44109e637d1d5ae3553a2f82f00ccbeb2080f0dd2caf534bbc8ece8a20dccfea3a8d0ae04604e15e16d7696400372208f7b1b6016aa32580b0166b1b606400372208f7b0b40166844d04613e2b1ba42658ad51134198cbc2069911c08d08c23cd6358800c2f7b1ae81ce6275356622087358d640b302b8114118cfaa069a19c08d08c2581635d851a446044c04611c6b1a4c00e17b58d360a5408d0c9708c2189634d81d01dc8820f4b3a2c1ee0ae04604a18f054db017a659b11241b8ce7a26b833801b11846b2c6792cf28cd8e9408423bab99e4ee006e4410da58cc44ef41ba2b4e2208f5ac65a22702b81141a8632993bd627477944410ce59c9645b885ed7dd9efabff02dac230111847d96918408c2ff5945222208ff6511c98820fc610d098920fcc31292da222884646701c9092199f9e6f337112423df7a202d0104d21240202d0104d21240202d0104d21240202d0104d21240202d0104d21240202d0104d21240202d0104d21240202d0104d21240202d0104d21240202d0104d21240202d0104d21240202d0104d21240202d0104d21240202d0104d21240202d0104d21240202d010492fafdfd0ba566a2b8e926cdaa0000000049454e44ae426082, 0x89504e470d0a1a0a0000000d4948445200000140000000c80806000000990438ab000000017352474200aece1ce90000000467414d410000b18f0bfc6105000000097048597300000ec300000ec301c76fa8640000070749444154785eedd6d16ea33a0045d1f9ff9f9e5b6b8a9a7209016303e6ac25455108b87938daea9fbf00a10410882580402c0104620920104b0081580208c4124020960002b10410882580402c010462092097f9f3c7fcb8960572ba12bea5179ccdea38cd5ae844902b581ca7d9123811e44cd6c629f6844d04398ba5d15d4dd04490335819ddd5c64c04e9cdc2e8ea68c444909eac8bae5a044c04e9c5b2e84a00b933cba29b96e112417ab02aba1140eeceaae8a275b004901eac8a2e7a044b0469cda268ae67a8449096ac89e60490515813cdf58e9408d28a2571d83c4802c8282c89434a8ca6d7440019852571c814a3f97b6f22480b56441302c888ac8826ce0e6021821c65413421808cc88268a2c4e8ec2009204759104d5c11c0420439c27a6842001991f5d0c4552112408eb09e074afa4f4c0039c27a1ea844e1ec305c192211a496e53c9000c23696f350674750001991e53cd4148533e250fec6d51112416a58cd43bd06a1771cee101f01a486d53cd8591114404665350f2680b0ce6a1e4c00619dd53cd83c0abd2221808cca6a1eee350c3d2251ce14404665350f370f43eb50082023b39a003d2328808ccc6a0208202cb39a004b7168150c0164645613621e080104018cb1148816d11040466635217a04707a5e001995d58478178823e11040466735419622218024b39a20ef22511b0f0164745613a457008bab032480d4b09a206b91a809c85d02287ed4b29c200208bf594e9856119cdf7b5584c48f23ac278c00c20feb09f329185b8322803c81f584795200c58fa32c28cc9668d4dc23808cc88202b588e0a70096cfd3ab979e6793c182026d09c7da3d4bdf4dd7cafbfcfba56b47b53e8f4c5614686b3cdeddb774bd5cfb74ee967bb66a750ed9ac28d09e782cdd3bbf563e6f3d73cfdf5ed3ea1cb25951a03df158ba777ead7cde7ae69ebffd4e8b33a0b0a4407b0332bf7fe9f39e33f7fefdb9a3cfc3c49202ed0dc8fcfea5cf7bcedc7bffabdae760893505aa89c8eb334bcf976b7bceddfb1bf69e0f5b5854a09a90bc3ef3eef93d91dafb1bf6de0f5b5855a09a98bc3ef3eef9727d7a7db2e59ec99e7b610fcb0a541b944f717bfd6ecbdf68750fd4b2ae50356129cfac3d37ffeed3df38fa3d1c6561a16ae3b2f6dcd277e5dabb67f69e05ad5959a8dac01c09dad2f7f36befee831e2c2d546d64d602b5e5cce9f9772f3893c585aa8dcdf4dcd2f335678a1e57b2be5002085ffbfb7e27cc5d0258882057b1bc502d62353f4300198de5851240f8dadef73b61ee14c04204b982d5856a11c0e2f5b300321aab0b2580f0b5bbef77c2b40a6021828ccae242d5c4e6dd3302c8a82c2e54cb0016d37702c8482c2ed41d0358882067b2b650ad035894ef059091585b280104018c75d7001622c8592c2d548f001602c8482c2d94008200c6124010c0583d0328828cc2ca42092008602c0104018c75f7001622486f1616aa67005fdf8f10407ab3b05002085f1bfb7e27cc08012c44909eac2b54ef00162de22580f4645d816aa3b2f5b9e93e01e4eeac2bd048012c44905e2c2bd091a06c79f6f59e16f112407ab1ac400208ff5856a0d1025888203d5855a0330358b4889700d28355051240f8c7aa028d18c0420469cda2029d1dc0a245bc0490d62c2ad0a8012c449096ac29d015012c5ac44b0069c99a020920fc634d618e06e448000b11e44e2c298c00c20f4b0a2380f0c392c29c11a0de012c449016ac28ccd5012ccef80db08515851140f8614561ce8acfda3dade225821c654161ee10c0e2acdf016b2c2848ab60dc258085087284f504b953008b16bf470039c27a820820fc663d419e18c04204a9653941ee16c0a2c56f12406a594e100184df2c278800c26f9613a265245a06b01041ae6235210410fecf6a42dc3980c5d1df2780d4b09a100208ff673521ee1ec04204399bc504681d0601e4292c26c028012c8efc5601642f8b092080b0cc62028c14c04204398bb504104058662d01041096594b80d10258882067b094000208cb2c85dd0490a7b0147613409ec252d8ed53605a04e8ca8092c34ad8ed8c001647ce1140b6b0127613409ec24aa8b21618016414564295330258d49e25806c61255411409ec04aa822803c819550e5ee012c44904f2c842a02c8135808d5de05a675786acf13403eb110aa2d05a647748e9c2982acb10eaa0920a3b30e0e9907460019897570c819012c6acf1540d6580787bd464600198975705889ccf4ea4500e9c13a684200199175300401a407eb600802480fd6c11004901eac8361d4c44c0059631d0c430069cd3a188600d29a75300c01a435eb60287b832680acb10e862280b4641d0c450069c93a18ced6a8891f9f5808c3d912b6728f00f2898530a4b5b8891f5b5909437a1738e1630f6b6158d37f7aaf2fd8c36280580208c4124020960002b10410882580402c0104620920104b0081580208c4124020960002b10410882580402c0104620920104b0081507ffffe07968466ca095829950000000049454e44ae426082),
(5, 0x89504e470d0a1a0a0000000d4948445200000140000000c80806000000990438ab000000017352474200aece1ce90000000467414d410000b18f0bfc6105000000097048597300000ec300000ec301c76fa864000004c249444154785eedd9db6eea30144551feffa77be04045491c6e491cdb6b0c29af056d654d21f5f403104a0081580208c4124020960002b10410882580402c0104620920104b0081580208c4124020960002b10410882580402c0104620920104b0081580208c412402096000ee2743acd1ee0392b194029760208af5949c75efdd2134178ce423af54edc04109eb390cebcfad5372582b0cc3a3af24dcc041096594727be0d9900c232ebe8c09a8809202cb38ec6ad0d9800c232eb68d4255c5bc44b006199753468cb6809202cb38ec6ec112c118432cb688c00423d96d190bd4225805066198dd8335202086596d1080184fa2ca3017b074a00a1cc320e56234e0208659671a05a61124028b38c83d48c92004299651c4400e178967180da41124028b38c030820b4c1322a3b224602086596519900423b2ca3a2a3422480506619150920b4c5322a3932420208659651c1d101124028b38c0a0410da64193b6b213e02086596b1a356c223805066193b1240689b65eca4a5e808209459c64e0410da67193b682d3802086596b10301843e58c6c65a8c8d004299656c4c00a11f96b1a1564323805066191b6a393422087356b1210184be58c5465a0f8c00c29c556c4400a13f56b1811ee222803067151b1040e89355acd44b580410e6ac622501847e59c54a0208fdb28a157a8a8a00c29c55ac2080d037ab584100a16f56f1a5de8222803067155f1240e89f557ca1c7980820cc59c5170410c660151fea352402087356f12101847158c5870410c661151fe8392202087356f1010184b158c5070410c662156fea3d2002087356f1260184f158c51b46888700c29c55bc4100614c56f18651e22182f0c8225e38321a97cfaefd40126ffc0b7b46611a9fe9b3b577fee6f43bfc3e30226ff60b6bc63f8dc8f4a9ed88cf849659c40bd3687df2b4a6c5ef0447b28827460b8600c2238b784200616c16f18400c2d82ce2090184b159c48211632180f0c8221608208ccf220a460d8500c2238b281040c86011050208192c6262e44808203cb2880901841c1631218090c3222604107258c41fa3074200e19145fc218090c522fe1040c862113709711040786411370208792ce24600218f45dc0820e4b1881b01843c167196140611843b6b381340c8640d67020899ace14c002153fc1ad28220807027800208b1a2d790180301843b010c2380702780814410ae04309000c255ec1292232080702580810410ae04309000c29500061240b812c050220802184b00410063092008602c0184d0001abf1bc0850086720310c068ee403a010ce60ea413c060ee403a010ce60ea48b5b80d1dfb905e90430985b904e00c3b907c904309c7b904c00c3b907c904309c7b904c00c3b907c9041037219600e226c41240dc845802889b102beacd37f43277219500f29fdb904800f9cf6d48248040acc8000a2170218040acb8008a1ff04b0d80580208c4124020960002b10410882580ece6f7bfeed3075ae16d04620920104b0081580208c4124020960002b10410882580402c0104620920104b0081580208c4124020960002b10410882580402c0104620920104b0081580208c4124020960002b10410882580402c0104620920104b0081580208c4124020960002b10410882580402c0104620920104b0081580208c4124020960002b1041088258040a89f9f7f197551268d9103fb0000000049454e44ae426082, 0x89504e470d0a1a0a0000000d4948445200000140000000c80806000000990438ab000000017352474200aece1ce90000000467414d410000b18f0bfc6105000000097048597300000ec300000ec301c76fa864000004ae49444154785eedd6d18aab301885d179ff979ec3815e746a6ba346fd93bd16e45641dc1ff9f905082580402c0104620920104b0081580208c4124020960002b10410882580402c0104620920104b0081580208c4124020960002b10410882580402c0104620920104b0081580208c4124020960002b10410882580402c0104620920104b0081580208c4124020960002b10410882580402c0104620920104b0081580208c4124020960002b10410882580402c0104620920104b0081580208c4124020960002b10410882580402c0104620920104b0081580208c4124020960002b1041088258013faf9f9591c60c93226f229760208ef59c624be454e0461c92a26d01237018425ab988000c23e5631b8d6b009202c59c5c0b6444d0061c92a06b5356802084b5631a03d31134058b28a01ed8d9908c25f16319823111340f8cb220672346002087f59c4207ac44b00e12f8b1884db1ff467150370fb8373584571bdc22580b06415c509209cc72a0aeb192d018425ab28aa77b0041096aca2280184f359454167c44a0061c92a0a1240b88655147356a8041096aca2180184eb58452167464a0061c92a0a1140b89655147176a0041096aca200f1837b5846010208f7b08c9b5d11270184f72ce3660208f7b18c1b5d15260184f72ce3466e7f702febb889db1fdccf3a6e2280703febb8c195511240f8cc3a6e20805083755c4cfca00e0bb99800421d16723101843a2ce44257074900619d855c4800a1160bb99000422d1672913b622480b0ce422e2280508f855ce0ae100920acb3900b0820d4642127bb33420208eb2ce4646e7f5097959cc8ed0f6ab392130920d4662527b93b400208df59c9490410eab3921354888f00c2775672821ef1f9ff8cb30fa4b38213acc5e535429fce513d9e01b3b39213bcc6ecf95ce5ca77c1a8aca4b32ae11140f8ce4a3a13401887957456213ce2076d2ca533018471584a4755c22380d0c6523a1240188ba57452293a02086d2ca5130184f1584a270208e3b1944e0410c663291d881f8cc95a3a10401893b574208030266be94000614cd67250b5e00820b4b396830410c6652d07548c8d00423b6b394000616cd6728000c2d8ace5000184b159cb01020863b3969daa864600a19db5ec2480303e6bd94900617cd6b29300c2f8ac65270184f159cb0e95232380d0ce5a7610409883b5ec208030076bd9a87a600410da59cb460208f3b0968d0410e6612d1b0920ccc35a3618212e0208edac65030184b958cb06020873b1960d0410e6622d1b0820ccc55a1a8d141611843696d24800613e96d24800613e96d24854603e56dd40fc604e96dd4000614e96dd4000614e96dd4000614e96dd4000614e96dd4000614e96fd85f8c1bcacfb0b01847959f7170208f3b2ee2f0410e665dd2bc40fe666e12b0410e666e12b0410e666e12b0410e666e11f885f7fffbfa9ef4a25fec60f0cb53fdf946afc911f182bcccfcadf103fc860e96f082064b0f43704103258fa0bf1831cd6fe42002187b5bf1040c861ed4fc40fb258fc1301842c16ff4400218bc53f1140c862f10fe20779acfe4100218fd53f0820e4b1fa0701843c56ff208090c7ea1f0410f258fd1311842c160fc4124020960002b10410882580402c0104620920104b0081580208c4124020d4efef3f3f771372fc8577c40000000049454e44ae426082),
(6, 0x89504e470d0a1a0a0000000d4948445200000140000000c80806000000990438ab000000017352474200aece1ce90000000467414d410000b18f0bfc6105000000097048597300000ec300000ec301c76fa864000005ff49444154785eedd6518ea3301004d0bdffa567830492650121b19d04d77b125f99dd61babb4af9f707104a0102b11420104b0102b11420104b0102b11420104b0102b11420104b0102b11420104b0102b11420104b0102b11420104b0102b11420104b0102b11420104b0102b11420104b0102b11420104b0102b11420104b0102b11420104b0102b11420104b0102b11420104b0102b11420104b0102b11420104b0102b11420104b0102b11420104b0102b11420104b0102b11420104b0102b11420104b0102b11420104b013efcfb670c9048f21f5e29c0e5678f1ee05ea4f6e14a795d29ba679f03bf455a1f7a979a121cc76ce9c9353d1c85aa256c823ac63257b3a51797b42a43d52b64823a86b9d28b4b5ad505d88bb08e61aef4e08a565ba07a074b50c7315b5ab9a0d512a6ede94948c7315b5ab9a0d588f2db08ea18e64a2b17b45280f764b6b4703dab914112d271cc9616ae67353a48823ace3766bbfcceede1be6c6f35fa900565ac51f3dd4aae7e98834dae461fb5d08cd53adfadd8ea87b9d9f0ea13c72e506395f3dd0aecea43269b5f7d220482d647595c470f5ce1520aa383931eccb2a05a9e33cf3e87926b298c0e4f7a383ff1f72b405ee15a0a0a700ee6cc552ea5a000e760ce5ce5520a0a701e66cd15aea430323402f959e6cd15aea4a000e762e63ce3420a0a702e66ce332ea4302a3082f81de6ce332ea4d03330cbff75e5612c33e68ceb28bc1a96b2c8ce9e33cf3ea78df972c67554de09cc5674dbf3aa77fe0dd7982d675c47e51b8111d2b1cc97232ea3f2adb008e93866cb119751f9665804750c73e588cba828c0f9982b475c46e5db6111d631cc953daea2a200e764aeec7115955f088ab0f667a6ec71151505382733658faba8fc4a5004b63f33a5e6222a0a705e664acd45547e292402db97795273111505383733a5e41a2a0a706e664ac9355414e0dccc94926ba828c0f9992b1b9750f9b570086b7f66cac6255414e0fccc948d4ba8fc623804b62ff364e3122a0a308399b270053b7e2d1cc2da9f99b270053b14e0fccc94852bd8a100e767a62c5cc10e05383f3365e10a7628c00ce68a0bd8a10033982b2e608702cc60aeb8801dbf180c61edcf4c71013b14600e73cd66fb3b14600e73cd66fb3b14600e73cd66fb3b14600e73cd66fb077e2d18823a8ed9e6b2f9034b287e2518023a96f9e6b2f9030a3087f9e6b2f9c17a844b40c732df5c363fc812aa5ec112d0b1cc3797cd77d6b3f836023a9e1967b2f5ce46044938c733e34cb6ded1a81009e778669cc9d63b517ef766ce996cbd8391e111cccf30e74cb6de8102bc3f73ce64eb8d460747303fc39c33d97a2305380773ce64eb8d14e01ccc3993ad371a191ca1fc2cf3ce63e38d14e03ccc3b8f8d371a151a61fc3c33cf63e38d4684e66e415cde777bbeadf51dee367bdad876a31181b953089777ad9f6f6afdfddf7e7f3ecbb63be8199a3b067079e7edbdbffdfeadbfff8ef3e77db6dd49afe0dc3180cb3b97cfb7b5bcc32fbc3f9f63db1db506efeee1fb95bfa1750fe4b0edcede0990d0f5a500b9cab60758427435480237c6bb73b58f2cb63dd05684670f63b4ccd65e72d834d37ab7c814600e9b665a0a90676c9a6929409eb169a6f64e9929c01c36cdd41420676c9aa92940ced8345353809cb169a6f76aa129c01c36cdf47c0be4882d13c1b740f6d8321114207b6c9918af949a02cc60cbc45080d46c9928578b4d0166b065a228404ab64c140548c99689a20029d93271ae949b02cc60cbc4f12d908d0d13c9b74016364c2405c8c28689f5ace014e0fc6c98580a101b26da59c929c0f9d930d11460361b26de51d129c0f9d930f17c0bcc65bbc45380b96c171e8e8a4e01cecd76e1410166b25d58ed959d029c9bedc24a01e6b15d5829c03cb60b85baf014e0dc6c170a0a308bed42a52c3d053837db851d5bf129c0b9d92eec5080196c170e28c1f9d92c1c5080f3b35938b1949f029c97cdc2090538379b852714e0bc6c1688a50081580a1088a50081580a1088a50081580a1088a50081580a1088a50081580a1088a50081580a1088a50081580a1088a50081580a1088a50081580a1088a50081580a1088a50081580a1088a50081580a1008f5f7f71f9924cc8ee5e29a830000000049454e44ae426082, 0x89504e470d0a1a0a0000000d4948445200000140000000c80806000000990438ab000000017352474200aece1ce90000000467414d410000b18f0bfc6105000000097048597300000ec300000ec301c76fa8640000065249444154785eedd60b6edb481404c0dcffd25e124b426346e24fc3e1305d0508816d51ebedbc6ee4cf0f40280308c43280402c0308c43280402c0308c43280402c0308c43280402c0308c43280402c0308c43280402c0308c43280402c0308c43280402c0308c43280402c0308c43280402c0308c43280402c0308c43280402c0308c43280402c0308c43280402c0308c43280402c0308c43280402c0308c43280402c0308c43280402c03c8adfefc7182dcc7f571ab71008d20777179dcce00721797c7ede67f057ef382335cce4081da590ed79cfdfce759e567c15ef11773a63473d93ebdf86d4f36b572dbfaef4029fe528e94656fb9d20b38e7b437af517a66dc23feeaf694f4489167679ef9579cf9ff4ecd8a7bb9bac156f9be1933c5de4f56b4e6e20657174fb1f79113adb9b8418be229f73619d19a8b1b18c03ec888d65cdca055f1147c9d7c68cdc50d5a164fc9d7c987965cdbc000f6433eb4e4da06ad4ba7e49fc986965cdbe08ed229fa7b72a125d7363080fd900b2db9b649ebe229fa7b72a125d73631807d900b2db9b6c91dc553f6bfc984965cdbc400f6432eb4e2d22606b01f72a11597363180fd900badb8b48901ec875c68c5a54d0c605f64430bae6c6200fb221b5a706593bb0aa7e8efc985165cd9c400f6452eb4e0ca2606b02f72a10557363180fd910d5773611303d81fd9703517363180fd910d5773611303d81fd9703517363180fd910d5773611303d827f97025d73531807d920f57725d1303d827f97025d73531807d920f57725d1303d827f97025d7353180fd92115771591303d82f1971159755b8a368cabd4d465cc565155a174db1f791135771590503d82f59710557553080fd92155770550503d82f59710557553080fd9215577055859a25dbf3594abd9facb882ab2a7c5bb2f1f9f9f5eeeba54fdfe73d79519b8b2a7c53b0ad67c79f2fdfa3d0c7c88bda5c54e14cc1de0ddb9af9bdca7c9ccca8cd45158e166c7cff99529e7d2e9dcca8cd45158e16ec6c210de07972a326d7543852ae6f466c7e4e998f931935b9a6c291728def3d5bc6f239857ed993a9bca8c9352d1c29d8d93296cf29f46f5b79c88b9a5cd3c2d182d578bf52ffb69687aca8c9352d9c29d8f8cc9ee73ebd47a97f5bcb4356d4e49a16be29d8f86cf95a7e6fcdd6cfd37cca434ed4e49a166a16ece86729f7cb5a1672a21697b47067b914fbc500d2824b5ab8bb5ccafdbfad1ce4440dae68614fb1c6f794af9a6a7fde93ad6521276a70450bef8a357eaf7c2dadfdec8c5a9ff3746b39c8881a5cd1c25cacf1cff97544f9dcd16767679ffb177dca4246d4e08a16be19ae77ce7c9e72bf7cca4246d4e08a167a299682bfbccb423ed4e08a0a63a90c607f3e652123bee5822665998c607fde65211fbee58206cb2219c0fe1840ae107f413d174bc17f5be6211fbe157f413d0fe048c95f7affbbe279a2afe753790c60bf9679c8876f445fcf130670a4e42f06909aa2af67ad3c3d154bc97f3382d4127d3906f0990c20b5445f8e017c2603482dd19763009fcb085243fcd57c2a8e01ec9b01a486f8ab79c2008e14fc6f6526f2e18cf8ab3180cf6604f9868b19bc2b8e017c0603c8375cccc0003e9b11e42cd7325916c7003e8701e42cd752e87904157bdd9c8f9c38c2b52c94053280cf620439caa5bc3116687ef542a9b7cd19c98abd5cca8a9e4650a9f731821ce14a56f4542685de6fcc4a5eece14a36f432820a7d8cbcd8c3956c288b7467a914fa98312f99b1c5856c5896e8ae6229f37177fd5df11cae63c3b240f3d72dcbf59412b7cc64aff9777a4a86b4e52a362c8bf3eeebabcbf5b4f2f6f4fbcebfcbd332a40d57b1a12cce5a89c69fcdaf9a6a7f5ea22bfe5ef837b88a1de6f2ec2d51cdc2296e1d72e41d57b1c3d9419b9f3bf3fc9967806334aca1720cb75ec0f5340d8865008158061088650081580610886500815806108865008158061088650081580610886500815806108865008158061088650081580610886500815806108865008158061088650081580610886500815806108865008158061088650081580610886500815806108865008158061088650081580610886500815806108865008158061088650081580610886500815806108865008158061088650081580610886500815806108865008158061088650081580610886500815806108865008158061088650081580610886500815806108865008158061088650081503f3fff012ab68ad00847aea30000000049454e44ae426082);
INSERT INTO `signature` (`Rental_ID`, `Rent_Signature`, `Return_Signature`) VALUES
(7, 0x89504e470d0a1a0a0000000d4948445200000140000000c80806000000990438ab000000017352474200aece1ce90000000467414d410000b18f0bfc6105000000097048597300000ec300000ec301c76fa864000009f549444154785eedd68d6ede360c85e1dcff4d77d036adaee71fd916c943f17d80006d937ea228f2203fbf00a02802104059042080b208400065118000ca22000194450002288b000450160108a02c02104059042080b208400065118000ca22000194450002288b00c4927e7e7e6ebf00a6004b78136e84209800a4f624f0f60840300148a787de8c0023046be3f591c2ccd0db22006be3f521cd22f4b608c0da787d48b20ebe8e00ac8dd78714afe0eb08c0da787d48f00ebe8e00ac8dd747a8a8e0eb08c0da787d84880ebe8e00ac8dd7879b1e7a2aa143f881098039a5d0db2200c104c08c6af075042098004ca71e7c0de1878629c0341982af2300d13005f82c53f035841f3a2601af650bbe86f0c316d38057b2060901882da6018f64fcadaf23fcb0c7446048e6e06b083f1c612a70297bf035841fce301938b442f0750420ce3019f8c34ac1d7107eb8c274e03f2b860501882b4c07fe46f8a12226a4b81612841faa624a0a5b392408408c604a0a5af5b7be8ef0c32826a590d583af2300318a4929a04af035841f9e605a16572d1008403cc1b42caad26f7d1de187a7989805550c02c20f6f30350ba9f85b5f43f8e12d2667015583af21fcf005d3935cf5002000f105d39354e5dffa3ac20f5f314109b1f8f400733045c99c2d7ea54020fc300b9394445bfaabf0ab120a51f7ec3dde7e213f5e3181edb21d2de1f6cfabf3ba67efe9596fbdea802d5e51d876f9eefedcffbe328f3b3ee965859eaf8e1714d517f16a21efbebf12eb3bbee96385beaf8e1714d3177164b9467f6e0556f7fcdac32afd5f15af27e2e922f69fadb08016777cdaef3315fabf325e4fc09b659cb5c0ea66df7176df2abcc1ca78bd407d199f2ed1dbff97d1ac3b5af4ab42ff57c70b06f9b29016cbace8eb1d7b9fac7a55e10d56c70b3a9bb190964bade2cbfdbcfab3fa1b54c00b3a9ab198fdffafbe7c6fee37a3bfa356ef7f15bca283998be9b9e4519ede2fa227abbf4115bca2b1d9cb19b1ec9e9edc2db2172bbf4125bca2a1d94b12b9f05e46ee17dd87d5dfa0125ed288c592442fbeb5bbbba9dc7fe537a886979ccc6a495596dfcad5ddd4eebef23b54c34b4e64b9186a2130dbd1dd14efbcf21b54c46b4e62bd182b2fdefe6eedefaaf75df91d2ae23527b05e0ae540f86a7b2ff57baefa0695f1a21f782decca8bd7efa67ec795dfa0325ef5a5b6101e4be1754e847eb70cf75bf50daae3555ff05cda5517cfb3875fadfa0620001ff35cdc4c21312ae39d567b03fcc6cb0eea8bebb90cdee759eb77c974a795fa8fffe37507442dee2acbd7ee11d5c32f56e93fcef1c237a216b79d977d01f777c8749fecbdc7185ef9c47679239621f3026e7bd765bb4fe6fe631caf7c406179332e60abf9acee4cf7c9d87bbcc34befec873f6219b22d60abf7aae68cf7410dbcf4c676f0ef96da52a605bcab35d35d9a6cf5e21b5efb5fdbc18f5c8276769625bcab33cb3db632d68cf7cabff651e0442ec1513d6a466b54bfc75eb67af15de9173f1af8e82568e72b2fe2686dca773892ad5ecc51f6d58f063e7a09daf9aa8bf8a436d53b9cc9562fe629f9f24703afb004ad06b5657c5a935afd77b2d58bb9cabdfed1c0ab2c41ab237b2d2af58fc8542b6c949a80b3815758845e43742dedfcb73528f4f1896cf562be32137036ec2a4bd0eb88aaa79dfbe56c953e8eca562f6c949882ab615759845e87773dedbcaf67aaf47054b67a6167f949b81b768565d8d6e0554f3b67d6590a3d7c225bbdb0b3f424dc0dbaca226cebb0aea97dfecc33547a382a5bbdb0b5ec348c0cbaca326cebb0aaa97deeeccf56e9dfa86cf5c2de92133132e82acbb0af63765dedf3aceeaad2c311996a859fe5a66274d05516625fc7acbadae758de51a57f2332d50a5f4b4dc6e8a0ab2cc4511d5f6b6bffdffa7e2afd1b95ad5ef85966329e0cb9ca429cd5f1b63e8f7ba9f46e54b67ae16b89e97832e42a0b7155c7d31adbcf7bdd4ba57f2332d58a18a927e4cde2ab2cc5551da335beb9ff172abd1b91a956c4493b256f065c6529eeea18f9bef75d547a372253ad88957252de0eb8ca62dcd571f6fdf6ef117750e9db884cb5225eba69f932e00acb3152c3fe67dadfa36a57e8d9a84cb54243aa89f93ae00a0b325a43fbb9fe1549a1677714fa849cd24ccd8c01cf12262a0bad50c39d0c3542578ae99931e41902a57dbfff4c74bd0afdba93a14668939fa05943ae1e28fbef47d61bddab5159ea842ee9099a39e0d1cb72767efbf7abef798beed3a82c75429bec14cd1ef0c885393abbfddb5d4dde3547f668d448df805192936431e0514bb33ff7c9027bd71cd5a351eaf5211fb989b21af288e5d99ed9fefcb406cf9a23fa33ea4def801152536539e4110bd417f7cbd91e7547f46694726dc84f66baac07dd7b91da7933ce5cad2f4f28d78635484c98c7a07b2e533b6bd67996757bf6e40df5fa905ff884790db9c739ed8cfe358b65dd1e3d794bb936ac2374cabc87dceabcf6b9fdb3679f6159b3a26d2f016b61931631e4b3cf3c5a568b7b59d4ad48b52eac2b64e2a2067de6b9479f6575afd99f1bd5ff33ad1eb59a5043c8d4450dfb8c73cf96d5f24e333fdbb2ce37d4ea412deed3173df05fce3ffbbfd6779af5f9d1bddf6ab528d5839a5c275061e0dfd470b5ac5e779a718e57ad7754ea00dc2631e3f2b59fbdfa79cf3b7d3dcbb3d62b2a75008ddb342a0dfe5d2dedfb233fe3e9cb79deb51e19e929e0cd6522d506ffac9e91251df9192b6fce8daab58bec1770c77c3255877f5bd7e89246dfe5cdf951358ff61488643aa1ea0bd097f46c59efbe1fe1491d5135abf40ab8633aa9aa8bd0ea3aaaadfffbd9f7158cd61555bf6adf802366d3aab808ada6151674e40edef75ca5b7a8c56c62959661b5e5bcbb8fd75d7b1d5ee701b3994caeca42acbc9c6777f3b8efca7d452dd3a75861312a2de8f69ed677aed457d4307d9a2317a4ea82f63b5bddbd6a5fb1bea9531db5242ce8dcdef77ed257ac2e7500b2a0ffe83df8da0ffa896aa64dbbe7e2b0a8bf1df561b437bd8ffd0ba866dad47b2c108bfaa7ab5ef45e5d7d01d5c907200b7b8e9e00df4cd9208b4524f4aed11be03b9900ec81d7bf708efe007384062081f71cbd02e699b64d4f1693d07b879e01734ddda81e6c775f7887de0173b15149107ec07c6c5502841f6083cd1247f80176d82e61841f608b0d13460002b6d83051841f608f2d1344f8013ed83431841fe0876d134300027ed83621841fe08b8d13420002bed83811841fe08fad1340f80131d83c0104201083cd0b46f80171d8be40841f108b0d0c42f801f1d8c2200420108f2d0c40f8011ad8440065118000ca22000194450002288b000450160108a02c02104059042080b208400065118000ca22000194450002288b000450160108a02c02104059042080b208400065118000ca22000194450002288b000450160108a02c02104059042080b208400065118000ca22000194450002288b000450160108a02c02104059042080b208400065118000ca2200019445000228ead7afbf00e11835edf57b8ea00000000049454e44ae426082, 0x89504e470d0a1a0a0000000d4948445200000140000000c80806000000990438ab000000017352474200aece1ce90000000467414d410000b18f0bfc6105000000097048597300000ec300000ec301c76fa86400000ae449444154785eedd68b92e4260c85e17dff97de844a483cbd6d9b8b043ae8ffaaa6f6d26d90054735bf7e0340520c400069310001a4c5000490160310405a0c400069310001a4c5000490160310405a0c400069310001a4c5000490160310405a0c400069310001a4c500049016031008e6d7af5ffffdc0171d0636bb0ebccfa1f7f419e6d151609391a1c610b4453781c5667f9b6308daa193c022b383af6200daa1938033abc177c510b4411701271e83af6200daa08b8031cfc15731006dd045c0c88ac15731006dd04560d2cac15731006dd04560d08ec15731006dd04560c0ee01c400b44117814e0cbf73d049a051193c11860f03d00e9d041a441a3a0c403b74127810e5b7be2b06a01d3a09dc883868187eb6e826f021e26f7d1503d016dd04fe1579f0550c405b7413f89bc26061f8d9a3a3484de1b7be8a01688f8e222db581c200b44747918ed26f7d15c3cf075d451a8a83af6200faa0ab4841798030fcfcd0591c4df9b7be8a01e887cee258270c0e869f2fba8b239d32381880bee82e8e520606c30fade8308e71dac06000faa3c33802c30f23e832a4954171e2b06000ae419721ebd421c1f05b874e43d2c9438201b80e9d8694321c187eb042b72123c3706000ae45b72181e1070f741ca195a19065303000d7a3e3082bd34060f8ed41d7f155fdcdebeee7eaf3df163cd68c2cdbfb4641d7f1c3b701f7e9fa9d96eff7b05e4f41b6f78d84cee3bfa1d313c4ebf77b9e7b62b58e9aacef1d019d4fec3ac446d46767033c5b87b2acef1d05dd4fc86ae0d43566d6ca3e00b2bfff6e743f19cbc0b50ec0f2f9dd4f66d9df3f024e20018f81f3b4e6f5b396cfeb4f3619df391a4ee0609e83a5ae7bfdb365bfa7cf5bd73841867754c0291cc87b88d4b5eb3ead7bf5d4d4b3aea293df4d09a77018cf60d5a1547feaffbdb97ebfd7ccb3519df63eca388943780e8aebda9f7bbced695593d53a119cf42eea3889037805aaacfbb9f6f5df6ffb5ad765bdde0e27bcc349380d61254c1e817a5ab7feffdbbe1e75155eebaea25eff69380d511e412a6b3ead7bfdecee7b6f6bccf25cdb9b72eda7e244c4780c98d635afdff9f67debbaeeacdac79a6add27e344845807a8acd7b3e6f5bb9fcf59d7f666f57eb3d4eacd8253116119a0b256ef7ad7ef7f3e6b595bab1d7bce50ab370b4e45844580ca1aa3eb5c9fab7f9f59cfc2cebd7ba8d4991127236036401683eafabcc57a1622d4f046a1c6cc389dc06607cdecf3d5750dab352d44a9e389428d99713a41cd04c77a485dd78a16e868f55c45ae0dffe084029a098e47e8ea9a11031d79c844ae0dffe08482190d4d79ce2370755d8fb52d501766704a818c84c67b38d5b5a3069aba3083530a622430de212bebd79fa822d616b95ff889930a602430de21abeb973f23073a626d91fb859f38a9cd46c2e21db0ebfae5efd1031da9bee8bdc24f9cd646bd61f11e46dfd6f7dccf4aa41a15fa85ff715a9bf406c53b5877eb2b043a4a8d0abdc24f9cd806bd41f10ed6ddfa2a818e52a74abff03f4e6cb19e9094ef7a87ea6efd157b5b8950a74aaff013a7b6504f485604ea698ff2994aa877d7a9d227fc89935ba43524ab06cfd31ef5b3157558d85da74a9ff0274e6e81d680ac0ad2db3ee573a550efac55a94ff813a7b740a481d352cbf54f05bb6a55ea11bee3049db50e1c6f659f96bdea7756d5656157ad4a3dc2779ca0a3b780ac0a50eb3ed7ef29857b47ad4afdc13d4ed1d153485605a8759febf7d4c2bda35eb51ee13b4ed1c953405685a7679feb77d5c2bdba5eb5fee01e27e9e02e20e5ff5785a7679fcfefaeaad1caca7ad57a83679ca6b1bb80440ee9e7f79542beba56a5dee01da769e82e1c2b43d3bbd7e7f7d5021eb9b7888f1335f42d20ab4253f619d9ebf39955f55a59d95f9c875335f22d20d1c3b9b3662bd17b8cd83855033b07c9e83e77cfa9057d45bd6a3d413b4ed6c06740560566669fbb67d5c2bea25eb59ea01d273be91a8ef2f7556199d9e7eed955b55bf2ae59b12768c7e94eb886635550ca3e337b3d3dbbea1d2c79d6acd80ff4e18427d480ac0a8ac53e4f6b2806deb366c57ea00f273ca8866355482cf6795b4331f05e352bf602fd38e501351cab4262b5cfd33aaa81f7a85bb517e8c7490f2801591112cb7dded659f13e1e3cea56ed05fa71d29d4a385604c47a8fb7f55443bfba4f380ba7dda18463454076845a35f89675abf600e338f146251c2b0262bd47eb7aaae1b7aa5bf5fd3187536f50c2e11d10af3d5ad7f47e3f0f96352bbe3fe671ea2f6a303c03e2b576cfba8a03c0aa66c577870d4efec135185e21f10c5fcfda8a43c0a266c5f7861d4effc635185e21f10c5fefda8a8360b666c577862d6ec0179fc1f0088a77f87ad7571c0633352bbe2fec710b3e7c06c33a28653deff0f5aeef5d8f97d1ba55df17f6b80917df8261199655c1ebdd4775208cd6adfabeb0c74db8f80c86655056856e641fc581305ab3e2bbc20fb7e15fdf8261159695a11bd94b712864794ff8e246fced5b30acc2b23274a37b290e86de9a15df11fed2df8abb60cc06a63cbf3274337badacd34a4fcd8aef873552df8ca760a80d14b57a67f5d4acf87e5823edcd780a85da3099dd537140b4d6acf86e5827e5ed780bc568687684cd624fc521d152b3e27b61ad7437c42338e5fbbbc266b1efaeda67bcd5acf84e582fd52d690d454f787606cd6a6fc561f156b3e23b61bd14b7a484a135103dc1d91932cbbd77bec7a8a79a15df077b1c7f537ac3d0fafd9d21b3de5b6d603cd5abf62ed8ebe8db32128696677687cc7a7fb5a17157afda7b60bf636fcc6818de9edb1d32affd9586c75dad4aef80188ebc31a341787b6e77c03cf7571a1edf6a55aa1f711c776b668270f76cf9ff0801f3ac21c2fbb5faac55a976c472dccd190dc3dd7351c2e55d87d210b9d6aa5437e239eaf6cc84e1f3d9f2ef48e1f2ae25d2bbbeb9d6aa5437e239e6f6cc062172a856d4a334486aad4a3523a6236e904510a2866a553d4ac3a4d4aa542fe23ae21659842162a856d6a33450946a456cf237c9220c658d68a1da518fc260897856d0257d932c8250d78814aa5db5441f2c11cf0ada646f924508ae6b440ad5ae5a220f96a867056d9237c922009f6b4409d5ee3a220e97a867057d9237693600df9e8f102a6af853d4b3c219e46ed2cce52fcfde3dbf3b5451421da58ee25b2d91ea833ea9db3473f9df9edd1dac48c18e50cb5d0d91fa047d32b769e6e2b73cbb3358d142bdbb9ea7fda3f50ada246ed3cca56f7d7657b0a2063a6a3fa2f60b9a246ed3c8a52fcff43cb7235891c31cb51f917b063de16fd3c8855ff5cc0c8520afacb1752f85be4147e8db3472d947031231ecbbadaab3671f95de4143d8dbd47bd1cbf767c2b12a586a01f6ac77e4ccd4fa87d8c2dea6d68b3e12a26f56044b35bc1e758faea9da43c414f236b55e72cb307806abacad1edc28bd56ef236209779b5a2fb8471054d6dc65f65dcaf327f503fac2ddc6b7807886c87add13c33ed2ff9167801542ddcab790ac0891c51e1902fff68ef5f3d3fb006da16ee75d58560669769f6c81af67f3f90328087553bf05a9fcac36bae78e5a018c23b1375a87591dd20c3f400fa97d7037dceefe1f801612dc88a1079c873403488b0108202d062080b4188000d2620002488b0108202d062080b4188000d2620002488b0108202d062080b4188000d2620002488b0108202d062080b4188000d2620002488b0108202d062080b4188000d2620002488b0108202d062080b4188000d2620002488b0108202d062080b4188000d2620002488b0108202d062080b4188000d2620002488b0108202d062080b4188000d2620002488b0108202d062080b418800092fafdfb2faf94af65cbc536b10000000049454e44ae426082),
(8, 0x89504e470d0a1a0a0000000d4948445200000140000000c80806000000990438ab000000017352474200aece1ce90000000467414d410000b18f0bfc6105000000097048597300000ec300000ec301c76fa8640000073649444154785eedd4db92a4281440d1faff9fae19a39b18c7f0020a0a9cb5227ce84c05b39ab37f7e01821240202c0104c21240202c0104c21240202c0104c21240202c0104c21240202c0104c21240202c0104c21240202c0104c21240202c0104c21240202c0104c21240202c0104c21240202c0104c21240202c0104c21240202c0104c21240202c0104c21240202c0104c21240202c0104c21240202c0104c21240202c0104c21240202c0104c21240202c0104c21240202c0104c212407e7f7e7e8a2e9885d31cc85ecc96abd4dde7a0374ef1c4d6916b11ac56ebc25b9cde89ac63f7669844905139b913783b785b02c8a89cdc41a5e8f5121f1164444eed407a8bde9a003222a7b6733d476f4b04198d13db9975f0460b8a00321a27b61323066f4b00198d13fbb119c2970820a371623f3253f8120164344eeccb660cdf42fc189153fb9259c397082023726a1b9b3d7c89003222a7b69128e14b04901139b595450b5f22808cc8a9ad246af816e2c7a89cdc8722872f114046e5e4de247cfff17760544e6e21e1fb3f7f0b46e6f46612be7dfe268ccce9bd305bf86aff160164644eef8992e14ea1dc5ebda9f95e3dfe3e28e104ef288dc4d1bd3d06a2e63bf5f8fba08413bc511abed12250eb7dc58f1938c57fdd89d988111040f84ff8537c277c8b910370f5eee96f7274dfc8bf1dd6429fe43b837c1686515cbdffd3ef6114214ff2dd88cd32f839813bba6796bf012cc29de627033ccbf0e7fc8ebd7bc48fd9843ad1e2f7c7dddf2280cc26c4895e06f7e9f0460fa0f831a3e94f758dc19d6df80510fe98fa54d71adae801143f6635edc916bf6325bf49fc98d994a7bbe6d0ce1680d2df2380cc6cbad32d7ee74a7ed3d7bf5f7c696daa13567b602207b087df2e80b436cd096b312c02f82d01a4b5e14fd832242d0665d6e1cbf95dbdfcf659ff0fe8c7d027ace580cc387ca5f1fbf26f30e3df9ffe0c7bca5a0f480f0378f71d8e9ebb5a6ffbfd577f83aff6259e214fda1b03f2f5102efb97bec3d53357ebadbf2fddbba62ff72696214fda1b03f2f5102efb97bcc3d5bda5df97ec5dd357fb12d370a7edad01f93200db2bc7d57d67dfef7d97bb6f2dcb7e6fef09c39db8b786e4cd614cc3bfbd72e5dc7b744fe9e72dbcb917ac0d75f2661ccabd7d96cf72f7cfb9efe89ed2cf5b78732fd81aeaf4cd38987bfb2c9fe5ec9ffb8e477b1cc95df7a9b7f68123439dc03707a674af3befb6f7ccf259ee5a4fee3b7b3677dd27ded803ae0c730adf1e98abfd96efd757a9a36772d77a72dfd5b3b96bdfb1acdd727d2831cc497c7b688ef6ab31c067cfe7ae7df7be9ce772d72eb1acd9625d78629813f9f6f0a4fdd2e0a6ab86a37572f7c87d8fed7d779f7b6259abe67a50d33027f3ed216a35b8676be6ee99fb5eebfb729f5994dcbb67793e5dd0b3614ee81bc3b41edc16fb9dad99becbd937f7dd4ad65cbb73fffa82510c735a5b0ed6dee0b6d8ef6ccdf45dcebe39f796acb795fbcc72df9df5a117c39cde56839686783bcc2df63b5a73fbf9d9dee9bbabf75bbebfbae7c8d5fe4fd6869e0c758adf1cba167b1dadb9fdfc6cefe5bbab77cbb9e7ccf6d9b4de9335a147439de83707b0f65e47ebed7d7e76efd57be5dc7325ad51632de8d970a7fbad81acbdcfde7a677b2cdf6daff4f999abefcf6cf782d90d79d2df18d0da7b6cd77bb2fed1b377d65c9e4957fa374431ec696f3da8b5d7dfaef774fde5f9f51ab9eba5e7b6cf27b9ebc00c863eed2d87b5c5da293ab5d6ce5d2ff7be45ce3d308be14f7bee60971a25047bef99fe26e92a517a3f8c6c9ad37e67d8cf8c1082f48ee9b7a7eb8e27cfc2a8a63bf1b506b9e718a4df58ebb74254d34e4f8d387c1d97f41bf62ee0b9e927e949385a8766fb6edb6bcfd1e740b970d3b48d4cbaf61c7d5e62bbcffa2a75e719e09889fa6b1ba75a572d35d702fe3055277a898ef8411b26eb440fe1113f68c774754cfca02d13d629f183f64c5987c40fde61d23a237ef01ed3d611f1837799b84e881fbccfd47540fce01b26ef63e207df317d1f123ff89609fc88f8c1f74ce107c40ffa60125f267ed00fd3f822f183be98c897881ff4c75436b6844ffca04f26b321e183be99d046c40ffa674a1b103f188349ad4cfc601ca6b522f183b198d84ac40fc6636a2b103f1893c97d48fc605ca6f701f183b199e09bc40fc6678a6f103f9883492e247e300fd35c40fc602e263a93f8c17c4c7506f1833999ec0be207f332dd0796f0891fcccd84ef103e88c1a46f881fc461da57c40f6231f17f891fc463eaff124088c7d4ff4bfc20a6f0932f7e1057e8e9173f882d640196f0891f10ae02c20724a16a207ec09a000261852982f8015b02088415a20ae207ec1140202c0104c20a13c07401248a00842580405802088425804058020884258040580208842580405802088425804058020884258040580208842580405802088425804058020884258040580208842580405802088425804058020884258040580208842580405802088425804058020884258040580208842580405802088425804058020804f5fbfb0f096f45085bdf84570000000049454e44ae426082, 0x89504e470d0a1a0a0000000d4948445200000140000000c80806000000990438ab000000017352474200aece1ce90000000467414d410000b18f0bfc6105000000097048597300000ec300000ec301c76fa8640000085649444154785eedd68bae9c361405d0fbff3f9dca8ddc12c2c30603b6cf5ad2e8a63360309cbdd59f5f00412940202c050884a50081b0142010960204c2528040580a10084b0102612940202c050884a50081b0142010960204c2528040580a10084b0102612940202c050884a50081b0142010960204c2528040580a10084b0102612940202c050884a50081b0142010960204c2528040580a10084b0102612940202c050884a50081b01420109602640a3f3f3f7f7de08c2961285b45973e5b8e7e83c474d0ad65c1dd29b33be732375341779e2a2c25c89a89a01b4fff9f9a0264cd44f0a95c7a6f94930264cd44f089b74a6f4d09b2641a784d2ebd2f4b4801b2641a78dcd7a5b7a40059320d3ca6a7e2cb14204ba681e67a2cbe4c01b2641a68a6e7e24b941f6b2682db7a2fbe4c01b26622b86c94e2cb14206b26826aa3155fa600593311141bb5f812e5c71653c1a9918b2f53806c31151c9aa138941f7b4c06bb66290e05c81e93c15f5261283f22301dfc61b6c250801c311dfc47f9118d09e1dfa298b12c1420674c4870b39684f2a38429096ce69250809430259349c15f7fb6ec7dff85d6f7d2d3dee89b4999c45ed9adbfdf3bee2bf97e5ade534ffba36f26657025e5917fefbd185adc5fef7ba42fa6655029e8a561af39f64b77ef71843dd2171333a0daa08f540c77ee550152cbc40ca626e4e9d8fc19c5d57b1d698ff4c3d40ca426e4a3168202e44da66620a5211fbd0c6aefbfa7fd2ae2b1785b832809563a668600d6eea1a73dcff0fc23f1b6067116ac998257b317e5c71dded80022955f52ba9fdef6ad00c7e38d0de0285833866eb4024cf731e37b88c05b1bc05eb8660d5dc9be7adabbf21b97373780ad80cd1cba910a50f98dcddbeb5cb4f24bcef6a7fc68c51becdc3a6411423742012abf39788b9d5b062d4ae88ef679f60cd2ef4f3fa728ef21026fb273396c9142b7b7d7b367907e5f7e9ef0d4ba7cc3dbecdc9361eed1d15e4b9e433ee6896716e93d44e18d762e5ae8f6f67bf61cf2efebbfadb45e8f3e78ab1d4ba18b16bcadfd963c83e531ad9f5bcbb5e88b37dba91cba68e1dbda6fe93378e299457bfed178bb1d7a22c8a358efb9e619a463f3a78556ebd02f6fb833cbd0450be07abfb5fb4fc7b77866add6a17fde726796c19b318447e5d2c3de677ce6ecf3b63bb20edf4c614c7b39dbcff2f72ff63ed3f3a68c37de917500670964e93ef2715fec7b96674d1d6fbd135b011c3d94e9fe6bf6507b7c2ba33f67aef3e63bb115c2af83990be9ea7dd49c978fadbdd6d57bcbee9ecfd8bcfd0eec85f0ab70a6ebe66b2fff5da3f69cb7aeb374e75ce660023e7614c2b7039aaeb7bee6d57ba83defadeb6457cf632ea6e06347417c33a47bd77aa360d2b16f5c27bb7a2de663123e7416c4b782ba779df4fdd57ba839efadeb2457afc39c4cc387cec2f846588fae917ebb7a0fa5e7ddb946f2d675989389f8484918f78ec961ce9fabcecebdb37ec979f998abd7486aae036b26e303a5815c16c4f27357e93a57af57baf6f2ef5567e7df5d9fb9998e0f948476f969ad64cd7ccc95eb9f9db3fcfdcafa4b47e7df5d9bf9999097e550a6bf7b9f6cf9ef564ad7ccc75db987b37396bf5f597f69effcbbeb12832979410ae3fa53a2f4b85235ebe563afdcc3d139ebdfaeac9f6d9d9bbebbb326b1989407adc3581bccd641ae592f1f7be51ef6ce597f7f65eda5d6eb118f8979516d405b06ba66ade5b157ef617dded63a57d74e4ad68733a6e645b5216d19ea9ab5ee964b3afe6c8dda35d7f2f95bd7825226e7255742da2ad835eb6c1d7be5fce539ebf36bd6db93d668b10eb199a0975c096bab80d7acb3756ce9f9cbe3f2bfd7e796ae7524add1621d30452fb912d85621af5967ebd8b3f3d3efeb63d6df6d1d532baf71771dc84cd20bee04b645d84bd7383a6eefb7b373969f3b96e7df5d0b3293f4823b816d11f6d2358e8e5bff96febbe6f83bb6ae0d2d98a417dc096c8bb097ac517a4cfe1c2959abc4d6b55aad0d89697ac19dd0b608fcd91a2d4ba5d55a7bebb4bc57304d0fbb1bd816813f5ba365a93c7dbf2def154cd3c3ee0676a44269b1d796f703674cdbc35a94420beb755a974d2ffb841aa6ee613d053b975eeb7bbab3de13f703a54cde83a204fbea3e151f5f33810f8a10f02b7b4ce7283f7a600a1f347bc86bf7a7f8e88d697cd0cc61bf527ed01b53f92005f8fb38e547af4ce683660d7ec9be141f2330a10f9ab100cef6a4f81889497dd06c4570b41fc5c7884cec83662a84adbde4d2537c8ccae43e68d602547accc2143f68969258971fccc2343f6886b2c87b487f951fb331d10f1bb93472e9293e6665b21f366a79283e2230e10f1ba94472e9293fa230e52fe8b94cb60a4ff91185497f416f85b2557a99f22312d3fe921e8a65aff432e5473426fe255f96cb59f1650a90684cfc8b4a8ba8857cadd2ebbd755fd01353ff81da722ab15cb376dd96f7012331f91f5b175749195d3967cf9d736174a6bf43eb725b7f5a6abd1e8cc4f407a6fc884e0282527ea00043527ef09b2404a3fce07fd21088f2833f4944200a10fe241141283ff89b5404a0fc609b644c4ef9c13ee99898f28363123229e507e7a464520a10ce49c984941f94919409294028232993517e504e5a26a2fca08ec44c4401421d899984f2837a523301e507d748cee0941f5c273d835380709df40c4cf9c13d123428e507f749d180941fb42149035280d086240d46f9413bd234180508ed48d340941fb42551035180d096440d4401425b123508e507ed49d5201420b4275503507ef00cc91a8002846748d60014203c43b206a000e119920584a50081b0142010960204c2528040580a10084b0102612940202c050884a50081b0142010960204c2528040580a10084b0102612940202c050884a50081b0142010960204c2528040580a10084b0102612940202c050884a50081a07efdfa0702b564da5022888f0000000049454e44ae426082),
(9, 0x89504e470d0a1a0a0000000d4948445200000140000000c80806000000990438ab000000017352474200aece1ce90000000467414d410000b18f0bfc6105000000097048597300000ec300000ec301c76fa8640000084649444154785eedd80192db281005d0dcffd2d925b36c341a210102d9a6dfab7225b1a11b33ea5f497efd06084a0002610940202c010884250081b0042010960004c2128040580210084b0002610940202c010884250081b0042010960004c2128040580210084b0002610940202c010884250081b0042010960004c2128040580210084b0002610940202c010884250081b0042010960004c2128040580210084b0002610940202c010884250081b0042010960004c2128040580210084b0002610940202c010884250081b0042010960004c2128040580210084b0002610940e08f5fbf7efd7945220021b81c7cd1c22f118010d03ef422865f220021887de86551c32f1180b0b8a3d04b4aef472200615182ef9a5b80c508be7a6e031671167082ef985b81897228ed5f239dd59cd16f256e0626b80a9e11a174d6e3aa3f5fdc100c561b3cbd0175166e679ff1939b82417ac2a765fd55fdd6de084018e24ef85ced3d0bbefcd9550d8eb935b8e96ef85c855bc9d5e75c737b2ce7c95018d16b5fa326d86ad670cd0db29ca78261649f1c6835359ffa7e11b84996333b206a83aa566dbdd17d11802c6866488cacbd0db4abbadbb58ce34659cecca01851bb1466a5f74aebb9cfadb29c596171b7ee55906d3fdbaf3ddb473fb7ca726685456fdd7d989d395adbdb976b6e96e5cc088cd69a39c85af695d6b7d4a08d9b65393302a335c85aa4f579cf7e6f6b2ddab85d963323346a6aa635adbd8fd66fdf6bad471bb7cb726684c659cdf4596bcfb33df9fdd69ab473c32c6746701cd54cefb5f6aad9933f6fad4d3b37cccbcc1af01975b735d3ef7b7ad4eee9ad4f3bb7cc4bcd18f459e1d11b4cadfb7afbd0ce2df35233067d74cd6d20b5d4deee6bd1b3873e6e9a979a31ecdb9a3984f2ab45cf9eeccebedebdb473d3bcdce881cff58eead6f44a6b7acf74676f72773f6ddc342f377ae073bd52dd52c894deaf75676f92f7dfad433d37cdcb8d1ef854afa6e63670ee9ee1eefe647b1e9ee1a6e9366a50470f7caa5753b376dd991135b25c67543daeb969bacd18febbaece943fcf6bced65eb9b3776f5b6b645dceb9e920460f55ae37aaeec83a47b5cede6f55aa75c7b6dee8da94b9e900660cd4e8811d75c67d9df4e7abda2dbd479d736f5b77560f7e72d301cc18a8d1033bea8cb94efab5b666cdba967aadf67567f5e127371dc4e8a1dad61b517bd4f9529d9e5aa53dbdf55aecebcfeec75f6e3a88d143357a6847ecbf53e3e8fbdc3d538da31e4ff4e58b9b0e62f450edebddaddfbb3fed1bf5dd72ad51f56a1cf57ab27f746e3a88d1433563705bf6a7b523bfd3e87a354afd9e3e47646e3a881943b5af79b747cdfeb466f477c9f546d7bd52eaf7f4392273d341cc18aaa39a77fa9ced4d9f8dfe0efb9aa3eb9f29f57af20cfc7bdffffdcae2660cd6e8213eda97defb84b3b77a757fbeb8ed209e0c91a4a75fde937ecdaf19ceeaceeab957eaf3547fbeb8ed20660cd6e820497b6606404dfd99fdb3b31e4ff4e72fb71dc48cc11a112669cdf6354b6ded9967c84a3d9ee8cd776e3c8819c37555f36cd0f36bebaa5e8fa33e67669c61afd4e389de7ce7c68398315c5735f79fa73f9fed197dc69e7aa3cfb0f7e4f7e79a1ba75bcdc0a635f975655400d4f63b32ea0c25a5fab3fb72ccadd3ed6c68d367f9556b4408dcad31e20c674af567f7e5985ba7dbd1d0a6f7f6efd70ef7dd10b8bb3f1951a3e4acf6ccbe94b975ba6d8736fdbe34c4b5c3dd1b0267bd5b8ca871a6547f765fcadc3cdd72f0d40cf0a8357b3d7b8e8caa73a6d4e389de1c73f3344b039b5fb56ad6b6d66b597f66549d2ba53e4ff5e727374fb5a3d0a91dde9a75236bd51a59ebca51af27fbf393dbe7541ad0fc3ad232c0576b6b3e6fe9576374bd92a33e4ff5a6cc4f801f72d0d40c68cb105fad2d7d5e7b9656336a96ec7b3dd99b323f05fec821d33a9823d71f7dd65abf46aa39a3ee996dbfa77b53e62711580e823b03d9b3b7b467fbfedd7395cca85923f77d557f8ef96904938365c420f6d638da97df1b75b6bd59756bbdba3fc7fc448298318077eaedf7de39dfd9be3b75477a9773f09d9fc8c2f2d0cd1abc3b75b7e7ba7bc6a35adbf7a0c413b2a0a7867f448f91677dea7bb30e4fcb429e0e80bbbd8415afe6095cc0d3c197f5f67cd57961cf53f8a17288bc32487a7a0b3ede89a7f1436c03ef5d42a4f51cef726ec83c916fecdd026fabe54ceffa1dc053f9667258bc7b60d49e4ff0f1ce3c9d6fe213426fabe6acc28f77e7097db14f0bbeececcc9ffa9d88c753fa222b8684e0e3d3785a1942f0f1893cb5dc26fcf8549e5cbaf9272f9fced34b17c1c70a3cc534f1b73e56e249a69ae063359e682ef95b1fabf254734af0b1324f3745c28fd579c23924fc88c053ce37febf8f483ce9fc4ff0118d279e3f841f1179ea83f34f5e22f3e40726f888ce0404e46f7df0c5140423f8e02fd31088f083ef4c4410c20f7e321501083f3866321627fca0cc742c4cf8c13913b2a0147cc20fae999285083e68635a1621f8a09da95980f0833e26e7c3093fe8677a3e98f0837b4cd087127e709f29fa40c20fc630491f46f8c138a6e983083f18cb447d08e107e399aa0f20fc600e93f5e6841fcc63bade9c0084794cd71b137e3097097b53c20fe633656fe84ef8a5bddb17506642ded09d10dbaf6fdd0f91988e851c859d008432d3b1801472a5a0138050663a167016720210ca4cc7020420f4311d1fee2ae0042094998e0f2700a19fe958400ab9ed6b4b004299e958cc3e08052094998e05093fa86342162400a18e0959500a3ee107d74cc9820420d4312540580210084b0002610940202c010884250081b0042010960004c2128040580210084b0002610940202c010884250081b0042010960004c2128040580210084b0002610940202c010884250081b004201096000482fafdfb1fe41b3b04e1f6d92f0000000049454e44ae426082, 0x89504e470d0a1a0a0000000d4948445200000140000000c80806000000990438ab000000017352474200aece1ce90000000467414d410000b18f0bfc6105000000097048597300000ec300000ec301c76fa8640000082f49444154785eedd68d8e9cb81280d179ff97cecabb7296a181e6c78632758ed4bab99b69dbd4e04ff9f90390940002690920909600026909209096000269092090960002690920909600026909209096000269092090960002690920909600026909209096000269092090960002690920909600026909209096000269092090960002690920909600026909209096000269092090960002690920909600026909209096000297fdfcfcfcfd8c440081c3a6c19b476fa4080a20b0cb5af0968c1241010436ed8dde940002433b13be4a0081215d095f2580c0505a84af12406018ad83258040782dffd5578d12bf420021a11ee1ab041008ab67a0468a5f21809044cf7ff515a3c5af104078b9dee1ab041008e3aef01523c6af104078993bc3578c1abf4200e125ee0e5f3172fc0a018417782244a3c7af104018d813ffea2bde10bf420061504f45e82df12b04100673e7bffae6fbbc297e8500c240ee0cdfd25e02083ce2cef82d795bfc0a0184e04a78c4af0f0184c0ee0c5fb6f8150208016d05a9b5ad7dde1cbf42002198bba3b3b6dfdbe3570820045182237ef7124008e089e0648f5f2180f030f17b8e00c2434a6cc4ef5902080f782a36e2f79b00c28d4a68c42f0e01849b7c0b4d8de391cf5e6b3f7b648d371240b8c15680eae78c3ddf5ffabb6fdfc9c204a0a3b5d0f408d0da3e73adf71d994940276ba1e919a0f9dadffe7f76a6011d3c199abab7f87d6722d05089ccd3a1999f21c299a2321568244a64a6c113be6da6030d440a8df8ed67427041894cd4f809e077260427450ccc3c7c22b8cd74e084a861999f4b00b7990e1c508212312a5be712c17526033b450f9f001e6732b043d4f8555be713c07526433a4783102d20e53cd333ed395fb46788c25412995f9cac8ecc20dabc96ceb3e78c7eefcb4c251917617f30a2cd6ae93c7bcf18ed59a2309584b25f866fcf1f6d3ee53c6b673a72d668cf1581892495f9326c3d7bb4b9b43c6be6dff91a13492cf385587af668f3f8769ea3e7cdfcfb5e6322c965bd14f3e78e348772966fe73973de48cf18858990f262d4672effbbf6fcf5ef963e3d1c59fbcc197a9d7b6426c2bfb25d8eadd86cfd5db5e767f63ab3d699bd5b9df74d4c84bf325d90b567bd234455f9ee99ef9fddf3ca59dfca44f825c325590bcf99673ffb9d33dfabce7ef7ca9e6f65227c78eb45998767edcf47edfdee7cffb3ee386b16a6c1a2b75d94a5e7a9ffadc5b36ead51feaec51ed595b55a9ee30d4c83556fb92c6bcf51ff7b8be75c5aa3fcb7166b4f5d5daff57946671a6c1afdc26c9dbffc5dcbe7ab6bb55e77eaeababdce352ad3e0ab9e17baa76f676efd5c77cce9eafabdcf371ad360b73b2e780b7bcfd9e259ea5e75ad166b6eb9ba7eeff38dc634386c7ae1a33972ae2bcfb035835eb369b16eafb38dca34386d2b02add5bdb6f63b7a966feb2dd9f39da36beed562dd5e671b956970d99e285c55d75fdbe7ccfe7bcf5d7feec81e477e76af166bf638d7c84c83666a247a5efef9da57f75bfa6e5df3cada67bfb7a5c59a3dce3532d3a08b1a8ffa6965ba56eb755b9eb5e5d9aa166bf638d7c84c835bb48ecbd5b5ea1a2dd65a1271cd1e671a9d8970ab1a9ce9e7a8a3df99ef77f4fb67f4d8e3ea9a773cf7684c84c7d5281df92c59fab9f279428f7dafaef9d42c22331186308d59fdf3fc13498ff35c5d33da8c223011c29b5fdc112eb2008ec144086de9d20ae03902f8c944f825d225593bcb0817b9c719afae39c2dcee6622fc12e5926c9d23fa45ee75be2beb469fd9534c855f7a5c94b2e69175bffd6cf4cbdceb7c57d68d3eb3a7980abf3c7979cbcfecfdb9a87a9eedcada9167f62453e1975e17e5dbba47f68d7c997b9eedecda91e7f53493e1438f0bb3b5e6d1fda25ee8dee73abb7ed4794560327c687d61ea7a4beb9ed92bda852ee7b9e34c6f985534a6c387d69766badeda9f8f8876a9ef3acfd17da2cd292213e243eb8b335daffef9ca1e912ef69d6739ba57a4394565427c687d71e6eb5d5d3fcac5befb1c47f68b32a3e84c890fad2fcf74bdf2e7abeb47b8dc4f9c61ef9e11e6330a93a2bb7a21a717f3ca257df28297bd9fde7fcb93671b9169d1dd5234ae5cd4a72e7994b82ccdb27e38c6c4e86eed629eb9b44f5cf233e7ecad9e29dab946637a74b3f7921eb9c4775ef83d67676c7ebb7451c3b127204722734790ca1e77ecc3f3fc96696e1a8fbd21d91b9d9e61da7b06dec36f9ba6e601391a946f3fdf235065cd1eeb129fdf3acd2c45e44c58b6bed3325465ad96eb311ebf7d9a598ac9d9c0acad7565bdf907bc0534b11494ab9199c6aa7ea0256f1497ad8549b088ce1bca25e2c7c8bca59cb61539016404de520e2b71fb1638016404de520ed91b36016404de52763b1235016404de5276391a34016404de52be3a1333016404de523609196fe6ed6695f8f176de7016891f1978cbf9207e64e14de717f123136f3b7f891fd978e3f997f89191b71ef1232d6f7e72e24766defec4c48fecdc80a4c40f043025f183ffb809c9881ffccf6d4844fce037372209f1834f6e4502e207cbdc8c97133f58e776bcd81df12b7bcc3f300a6feb4bf50ed156ec44905178535fe88ef86d114046e14d7d99a7e3570820a3f0a6bec81de11140dec49bfa127745470079136fea0bdc199cbad7da9ee2c748bcad837b223865cfa57dd7fe3b44e56d1dd893b199ef2d7c8cc85b3bb0a70338fdc088bcb983121db8ce2d1a90f8411b6ed260c40fda719b80b40410484b0081b40410484b0081b40410484b0081b40410484b0081b40410484b0081b40410484b0081b40410484b0081b40410484b0081b40410484b0081b40410484b0081b40410484b0081b40410484b0081b40410484b0081b40410484b0081b40410484b0081b4041048eacf9f7f0052c33b04ff3239300000000049454e44ae426082),
(10, 0x89504e470d0a1a0a0000000d4948445200000140000000c80806000000990438ab000000017352474200aece1ce90000000467414d410000b18f0bfc6105000000097048597300000ec300000ec301c76fa86400000bd149444154785eedd68d8ee4a80e80d179ff979edbe88e2596e6cfc640127f478ab6ab626c8a31d6fef90b004131000184c500041016031040580c40006131000184c500041016031040580c40006131000184c500041016031040580c40006131000184c500041016031040580c40006131000184c500041016031040580c40006131000184c500041016031040580c40006131000184c500040ef8f3e7cfaf07f7f1af006cd61a760cc1fbf8170036eb0d3afe6ff02e4e1ed86876b83104efe0d4810db4ff67c700bc83530736b00c3486e0799c38e0cc3ac81880e771e280b39541c6103c8bd3061cad0e3006e0599c36e0e8ad0330d52d9f08188080138fa17172f0f486ddc97ddcc40004268d8682c7d0d8397852eefce9d9b98f2789f12b0107278686e7e049b9f247c3731f4f16e357020e7a43c17360ace64aeb577278fe96a78bf34b8145bdc1e03934acb9d2bad57d78fe8e3788f56b8105bde1e03938b4b9527cb4c1e585530326b5868cf7f099cdc7e05bc7e901939e300065e879d78c8a53c4115fb8b0addfe0fddb6af9d2775f38c3a7e144b19d5cdcb75fe0d6febd7f579e2ffdfdf6737b324e16dbc9057efb456eeddffb77a57cf2602f4e185b959778e7a5de3d345ab93d6acade2597474e8c71ca98925f4e8d72cdae8b2dfbdb955f78ff9ed69e77ff0efc1fa78c29ad8b3a52aed975b14f0d0c8fdf93d6c8d362c90b3d4e19437219b597b216bfe3629f1c1665add9da294e9e19b37158c3296328bf8c9a8b598bf5bed8bd7cdeb59232e7a8467a6fd9c78ebde3374e79932f35b0f5b7d4d6799f4b2b5ffadebb5652e6dc557fc7def11ba7ec6cb5f19fc8fa7b6aeb3ccfa6972bbdf3ac25ca9cb5cfab7577ec1b759cb4a3af36aef577d5d6799e512f577ae7594b9439e5b367bd1dfb461d27ede4ab4d6bfd5dad75a786447aef552b97e7941ade7576ec1b759cb4832f37acf5b7b5d6799dd5284f7aef55ab24b977e6c7199cf4829d9760c689fad6fcad755efb1de5d9712e29a73cf279875d79f11b276d74b3494f5c4261cddf5ae7b5df511ecf7349b9f27cf2b7678ddcaebcf88d9336b8d9a0b5da3bf763cddd5ae7b1d7991c5e756a79e43b8f1a35bbf2e2374e5ae976739eae6fadd75ae7b1ff991c2b75d2dade7a79b752a367575efcc6492bdc6ecc1bf5ad355beb3c7ec34c0e4b9db44693db5263c6aebcf88d9356b8d998bdda3bf765cddd5ab7bad799f52946536777bcd6cedcf82f4e7ad2eda6ecd57fe2656cad5bddebccfa14e31957b2ae9b95e7965abb6b46c5894eb8dd78bdfabb2f8635776bddca5e67d7a6b85eece8fdc8eafa16c99b3fd88b131eb8dd84a3fabb2f8a35776bddca5e67d7a6b85a6ceb7b2def3c793e8fbc98c769773ca119477bc82fcf0ed6dcad752b7b9d5d9be2f2d8f2f32a4b3e59933f35adefb107a7ddf084461ced41deefdcab25776fcdca5e67d7a6b8fcd9a197b7acdf8b2d6962b18ed36eb8dd8833f5b597cb4a5ba3176fddaf665d8ab5d69925f9a556feac585d0f1d4ebbe2094d38b3078f0b37435ba3176fddefccba1423cf0e79fe5d7576e4441ba75d71bb0967ea4bcc89bd6a6bf4e2adfb1de5ccdf5b6b94246f993ff1aa51da9517759c76c5cd269cad9de24eed535ba7176fdd736d5dfaaef5bd85e46be5cd596b8cecca8bbacf9ff64c33e76e37e06c7dedef5aa1add38bb7ecb95c933eb7f2f4de952456b34668e367edca8bba10a7ad69aa9b0da8dde7a9bd6aebf4e22d7b9635e9bfa3f5bd1879d78b497aefc44c8cc5aebca80b73da379b7a96a67e8a3db55f6d9d5ebc25973c33f2d87cad7c37632656936fd68e9ce80b73e2b79a7a96a6b6c49edaafb64e2f5efb3b2db52debc4ec3a6bfe9e1d39d117e6c4679aeb66036a6a4beca9fd6aebf4e26772a51889d3c4e78f85669db546cfcade6113eab47bcd75b3f1b4b54f5f14cbfe5a46efcaf7ad7889adc5b7d68cccae5ba9d1b32b2fda429d76afb96e369ea6b6c49edeaf658f35b577e9bbd69afc7b896bc526a3f72d9a35d61a23bbf2a22dd469b79aeb66d3696b4bfce93d6beaf562f377e9ef515e8919c5251233139bb3c46bd7ccd895176de14ebbd660379b4e5b5be24fef5953af179bdec9d392c7f4e24a126b59a3a1ddd7ac5d79d116eeb46b0d76abe92c7565cde93d6beab562d3f7bd3cb5f7bdf892c45ad668a4359675233b72a22fdc89974d76b3e92cb565cd8d7dcfd62ce3d2e7d6bee55df9bd687d5faae51d99cd5d4aebac6b7b76e4445fb8132f9bec56d359ebcaba1bfb9ead99efb15cd37b571abdcfb5eab4687297d2da95f5788e90ff8a79f3de6a646bdd9b976fb66e6b8ff2bd26cfac32b6b75693b726ad5fcd816708f9af9837efad46b6d495354fde738ac9e3e473f9fd0c4d7c2db6fcceb2871aaf3cb82fe4bfa234efcd26b6d47ef2bed3f7b527577e1ed1c4b762651fdada3ddef9704fc87f4569de5b4d6cad7b7bdf49593b7d2e9f96debb1a4dbc36f78ad1efc47b84fd57bcd9c4d6bab2eee6e5cbf7903f22ffbbd47b57331bafcdebe1464df80bfbaf981af856135bebcaba9b974fce4d9e526f6fbd7735b3f1dabc8008db39e9d2dcba38d6bab2eec6bee5bce469b1beab9989d7e6047261bb275d9c1b97c75a335f7772df724ef2c87735adefc5e87dc93b1f500adb41e9f2dcb840d69af9ba13fb96f369d5aa7d3fdad7e87da917afcd05d484eda274816e5c226bcd7cddce7dcbb98c6ad4de5bd6f4f4e2b5b9809ab05d942ed08d4b64a959aed9b16fcb79e4f1336b57f2e7b4798096b09d942ed18d8b64a9595be3b1773983955c9af5da3aadf895fd02b9b09da4b9b89e2c356b6b56f62ebf5d9e532cb5ca3527f78bef0bdb4da72f7f62ad575b67c925bf395f6bc963b5bae7937b450c613b4a2ed3c94b65ad555ba7c99562e5c96972ac3a590b9815b62be542be6108d4d68d72a5f7f95333cae1e9642d6056d8ae940bf9f421d05ad3fb3e7f7a46ef3d9dac05cc0adb9572219f3e047a6bf277e9effc199989f174ba1e30236c57ca853c79312db57a6bd2bbf299311be7e9464d60246c57ca853c7931b5b57af1e95dfe6868e33ddca8098c84edcafc429eba9c1e832a7d573e1ada780f376a0233c276667e294f5d504d9d32367dce9f5cf9b96536cedbadbac048e8ce948b79ea826aeae47bcb9f9ad6f7a5d9386fb7ea0223a13b532ee6a90baa1954f2c8e79151cc4c8e5d6ed6067a4277a666c07898a99362f27d69f6568bd5e6d8e1767da0257467e617f3d4256dd549df978f85470e6f4fd907500add99f9c53c7549cb3ae9b37c97fffd255ffc4df886d09d995fcc939754069dd4ccfffea22fff36bc5bf8cecc87d00932eccae7cbbefefbf05e0cc07f9773f725cd075dfe7704917e2bde257c67e64369877cd8e57f4712f137e31de8cc1fde8349f2494eeffc6f13f9b7e3d9e8cc1ff9a05a510ebaf273549c019e8acefc2117d47a51cb41577e8e8c73c093d19dff588656b9c692e3eb380f3c19ddf98f6678d562b9e8759c0b9e8ceecc8c2e6b6bf071c9db381b3c19dd3981c167c719e1c9e8ce0e06df1ace094f47875694434e3e73a175382f3c1d1d9a29871c436f0d6787a7a3437f30f8fc717e7883f05dcae0db8373c41b84edd27cd831f8fc719e7883905dcae0db8f73c51b84ea5219780cbefd385fbc41982e65f09dc319e32d3edfa90cbef3386bbcc5673b95c1770f678eb7f85ca7e6838f8b7807e78eb7a053e18e0188b7a053e18ae18737a15be18a018837a15be18a018837a15be186e187b7a163e1860188b7a163e1860188b7a163e182e18737a26be182018837a26b313433dc18807823ba1643a3e1c6f0c35bd1b9186200e2abe85c0cf5061cc30f6f46f762880188afa27b31d41a720c3fbc1d1d8ca1daa063f8e10be8620c95c38ee187afa0933145861ec30f5f4237634a1a7cf2005f413703088b0108202c062080b0188000c2620002088b0108202c062080b0188000c2620002088b0108202c062080b0188000c2620002088b0108202c062080b0188000c2620002088b0108202c062080b0188000c2620002088b0108202c062080b0188000c2620002088b0108202c062080b0188000c2620002088b0108202c062080b0188000c2620002088b0108202c062080b0188000c2620002088b0108202c062080b0188000c2620002088b0108202c062080b0188000c2620002088b0108202c062080a0fefefd1fd32e559599c350be0000000049454e44ae426082, 0x89504e470d0a1a0a0000000d4948445200000140000000c80806000000990438ab000000017352474200aece1ce90000000467414d410000b18f0bfc6105000000097048597300000ec300000ec301c76fa8640000098149444154785eedd68192a42a1205d0f9ff9f7ebbc60eb13c0a4434edb6cc7322889e2a214d29bc317ffe01484a0002690940202d0108a4250081b4042090960004d21280405a0210484b0002690940202d0108a4250081b4042090960004d21280405a0210484b0002690940202d0108a4250081b4042090960004d21280405a0210484b0002690940202d0108a4250081b4042090960004d21280405a0210484b0002690940202d0108a4250081b4042090960004d21280405a0210484b000269094078903f7ffe7c0cee6377e101f6c24e08dec7cec22f3b127042f01e76157ec9defffa5a110158eeb737b21180f04b56026736b70eb1d1386265ee1b0840b8d1284cce844cbda604551991a2eb3d599e27855fd086c995c02a6bcfaee7939d249417f4dfeabd58dd97b2976510cfae12ca8bfa7ff55eccf6a5845c3d6aed6762d855c27849ffadde8f5ea0d563e6c81cd6d955c27cf34b7a348856947aa5763d569d59c39c5d25c437bfa06743694fa919553bba3ffec7ae12e2ae17f4ee17bfd4bf7a9f6d7d3bcaf711a2eaf06f76951077bda077bff857826a5b53466bf4fd195175f864670971c74b1a19223d75eda3f7293dcde61f997354541d3ed9592ebbeb05bdf3c5af6b6fff1eddab5cdb9bd3b332774f541dfaec2e97ddf592fe54dded73fd5df9dcce5b71656d2daa0e7d7697cbee7849af06d09eba6eb94f3dae8aa8b189aac3981dfe256f39dc773dc7dd75b7bff58812592fb22ffaecf00f2a2fc79b0ef65dcf7247dddefeb79faf8aac17d9177d76f80744bf64119efc9246ed57a9538fd6e8fb33a26b713fbb7ca3c817224ae929aaaf3b9eef4acdd1f3f56af6e65d11592fb22fc6ecf20da25fac28a5afc8feee78ce333567cfd4bb365bb32ab25e645f8cd9e540d12f5494b6afc83eef78dea335cb73cce68fae1f597b54742d7e869d0ef2d443dbf6555ed4a87eef78eebd9a67fa1fcd5da931b3dad39ec8bed867a72f8a3cf8d17a7d45f67ac7738f6a6edf9fb95f74bd91a85a913d3167b72f78f2611df5f6c497bed8ead535cbe7b3f7d95b77b666cf951e5b917d3167b74f7af2411df516ddf31df5ea71d55e8d88fa4554bf9bc8be98b3db273cf9908e7a8b7c498ba87aa5b7c8fe66b5a27b5f55d65d1d5c6307173dfdd08dfabbe385395baff4d2f674b65ecf5eadf6be57ecd52ad77aa367f43df7b1e30b9e7e40f7fadb7bf1ce5aa957ee3f5a13d9dbac56d4bd4a9ded6f6fac589d4f0cbb7ed0d30fe85e7fe55af433ccea6dd7cb9889eaed8e7b9567d81b5745d4605dfa5d3f7a809f7e40f7fa3bfa8cab7a35cbbd56eeb73a7fcfac4eef5ee5bbd1e829df8faeaf8aaac31abbfe5fb3c3f7f4c3b9d75fb976c733d4b5cb38e3cadada911ae55ef538a3ac3bbbbe16518373ecfc7fcd0ee0930fe891deefe8bfd4bd5a3baabfbd1ae51e51f7da943a11f5a27a629d9dff6b74089f7c3867bd95eb51cfb0d529a37cbeaaae7745dd533b8af6f31551b5a2fae11cbbffd7e8203ef980ce7a2bd7af3ec3b6be5723a26efd7745e9a91d23e5dade9ca3eea8c5efb0fb7ff50ee2930fe7acb7fafad9e7d8d6edad3d5bb728eb67754a1ff5a8b59f7bca9c237367a26a45f4c2357e81bf7a87f1c90774d65b7d7df539b6f947d6acd6ad95b5bd1ae5fe65ec995ddfd4738ecc9f39d2d7111135b8c62ff0577b189f7c388ff456e6ac3cc7367775fe59757fed58319bdf5e5faddf2aeba3eaf0bbfc0a95fa503ef980ce7a5b798eed7a19abceae69c759b3b5bdeb57eeb7b9daf3e6ea7ae2f8252ae5603ef9801ee9ad9ed3cedf3ed7e38abdf5ed7dca28d7eabf67edad1f5dbb72cf9fe89b9fe597a8441df03b1de9ad9eb3fdbb1e914abdf61ee5fb9efadadebc99d9dadef52bf7db6ceb236af01c7e8d4a399c4f3da447fadae6b423dad9faeddc95b5b5d9bad1f5b3f7db94b5576a6caeae27965fa31275c8ef32eb6bbbdece89789652b7adbf5abb9dbfbabed85b77f6daccb6f6cafacdd5f5c4f38b54ca017dea411df5b57d5f46ebecb3ecd52c566ab77357d6d6aef67376fd76ed48fd3d57d713cf2fd28838e877e8f554f73aeaf9e8b3945a651c7165ded1b5add1baab3dcfd69fedb7165183587e91c676489f7650db7e7a3d8e7adefbbe1ee5bb55b335a3ebd1f73a5aaf37ef4c2fab7ee21eacf3ab34b683fab4c35afa19f5b6d76f7dadac5fadb1676fddd96b23a335abb5b6f9f5f809e53e3f753f8ef16b347ef2a538a2f4b3d7d3ecda6cfd66767d4fbb7676bf33f71aad3953eba7951ebfa1d76cfc228ded903ee5a01ee9a5bd5ed6d463e4c89ca3566a9db95f6fcd993abfe1e8bef0f3fc2a1dbf7958cbcb527a98f552cfefcd1dad1f7d7fb7b3f76dd7fd56ffbc8b53d4d85eacdf78b946f71df552e68faed7da3947d6dce5ecbdcbbaedef6ff6cfbb38498d9f7ec166f7abaf95b9b335adb3ebee70f6fe4fe89df771a23aee7ed1cacb3cbb4f3daf9e3b5bf754dfda37efe5447644bfa825c0ca38626feed11a4ff3ad7df35e4e6447d48bba17623d65fedeba957a4ff3cdbdf34e4e64c7d517752fc05a656e3bbff7b9fdee9b7c73efbc9753d971f6655d09a9d9dc726da5e693bde119781fa7b263357456e6afce7d8b373d0befe154761c0da9d579594320eb73f37c4e66c72cac8e5e9fcd7bb2c8bebf750f783f27b363145cb3ef47d7bf51d473bc653f7827a7b3a30db2f6f3a67cd77eff1651cff5d6fde11d9cce8e3adcda17b8f7dd1b453d6386bde27b399d0325e8da9145c4b366da2fbe9313da9131f06a51cf2d00793a277440005e23fcf8064ee98000bc4600f20d9cd21d02f01ce1c7b77052f92000c9c249e5c39500137e7c13a7950f02902c9c563e9c0d31e1c7b77162f92000c9c289e5c39920137e7c23a7960f02902c9c5a3eac8699f0e35b39b97c108064e1e4f26125d0841fdfcce9e58300240ba7970f47434df8f1ed9c603e0840b27082e99a859bf0e30d9c62ba04201938c574ed059cf0e32d9c64ba7a21b77d27fc7813a799a13aec041f6fe454332400793ba79aa12df4ca803772b281b4042090960004d21280405a0210484b0002690940202d0108a4250081b4042090960004d21280405a0210484b0002690940202d0108a4250081b4042090960004d21280405a0210484b0002690940202d0108a4250081b4042090960004d21280405a0210484b0002690940202d0108a4250081b4042090960004d21280405a0210484b0002690940202d0108a4250081b4042090960004d21280405a0210484b0002690940202d0108a4250081b4042090960004d21280405a0210484b0002690940202d0108a4250081b4042090960004d21280405a0210484b0002690940202d0108a4250081b4042090960004d212804052fffcf31fa982ae583347fdc90000000049454e44ae426082),
(11, 0x89504e470d0a1a0a0000000d4948445200000140000000c80806000000990438ab000000017352474200aece1ce90000000467414d410000b18f0bfc6105000000097048597300000ec300000ec301c76fa864000007a849444154785eedd6896ea5381005d0fcff4ff734d278061116af60a8732494eef7ecb2635357f9f90310940004c2128040580210084b0002610940202c010884250081b0042010960004c2128040580210084b0002610940202c010884250081b0042010960004c2128040580210084b0002610940202c010884250081b0042010960004c2128040580210084b0002610940202c010884250081b0042010960084023f3f3fbf1edecbedc18ebda05b9e3d67df3137b7062b2d612604dfc78dc15fbdfe8a1382efe2b608af776809c1f7705384d5ebafbe3d42f01ddc12218d0e2801f80e6e8970ee082701f80e6e8950ee0a2601f80e6e8930ee0c2501f80e6e8910ee0e2401f80e6e89cf7b228c04e03bb8253e4df871c64df1594f0591007c0f37c5273d194202f03ddc149fe4af3f72b82d3ec75f7fe4725b7c8af0a3841be333841fa5dc1a9f210029e5d6f804e1470d37c72708406ab8395e4ff851cbedf16ac28f166e90d7127eb4728bbc9600a4955be495841f3db8495e47f8d18bdbe455841f3db9515ee5a910127edfe456790de1476f6e96d778228884dfb7b95d5ee1ee205ad6137edfe78699de13e1470c6e9ae9dd1948c22f16b7cdd4841f23b971a625fc18cdad33adbb4249f8c5e5e699d21da1b4ac21fc6273fb4c697430093e16de02a623fcb88b3781a9083feee46d602a23034af8b1e58d601a4b408d08a951756721d8eb3939a6312afc9e367a0f02b09e93630a4b13f76ee4598261e43e845f1ba7c7147a0660cf5a3d8cd8cb6cbfe35b39411e971ab94743f7aab17e5af5a8b135a266444e91c7a5666e69ea656e6b281cd568adddbaafaddef52273923c6addccb58ddd1a08cbfc9c1a4fed6fab77bdc89c248f4acd5cd3d4cb9c9630289d5fbb56cb1eb77ad6e2ef79fefb136eb76ee6d2c66e0982656eedfc9a792d7b5deb5587ff39511eb36ee8dce65ec6b504416b88d4cc6f5d73d1a306bf39551eb36eea9c069f21484ae7cfb0678e39591eb16deaab269f25484a6bb4aed963cf1c73ba3c62dbd8478dbe7cde23047a064949ad96757bee997d4e98dbed3576ee67357a074949bd96b57bef9bdf9c30b7db6beced67b5cd9f53bb5549bd9ebf07fd39656e75d4d8e9f3e5674bf36fe7b6d4da5352af76edde7be69893e65647cdbd7cdedaf87bf37b874949bddab57bef99634e9a22adcd7934bf47d36f6b8c0892929a35eb8fd833c79c36d95a9b736ffef2597a5a6d6bf4a8b95552b366fd117be698d3264b8fc6dcd658ffbf77fd1ef5f694d42dddc3a83d73cc8993a5b539d7f3977f6febf5acbf68ad77a4a46ee91ef6c62f9fad1ffa72a264696dbe34ffac4ecb1adbb9adfb3d925bb774fd65fcdec3584e984bad8d7847436f6b8f58aba4e6d9d8e5bbedc3339c3c975a1bf48e06dfae3162cd929a69ecf273fb6ced7dc63d9c3ca75a9af3a8e17b3b5aa3e7dab9b5d2ef9c9e2bb97519c3e973aab641d3bc3b1afc688d9e6b9fadb17e92a3f15bb9e318c3e973a8a639d7417057731fadd36bfdf5efb37d8e9c7db7963b8e319c3e874a9b733bfe8ee6be5aa3650fcbdcf55322777c695dfa72fa1c2a69e2edd8bb1abbe73ae9f7484f52b346ee9cd2da357be198d3e4504eb31d8db9ab515bd659e6ae9f3db5f573e695d6aedd0bc79c28bb5a1af8ce46ad0991f4e4a8f95d7ad72ed92f659c2abbce1aeeaa21ef6cd6abb5d25ed353a2747c923b2f675ced1ec8e374d975d478b335edde5acb67e969513bbf64ded1d81efbe79a1366d75ef3e534e4dd4d9b8262fdf4d052a764ee7adfeb877b386976ad9bb0a429ef68deb49f927d956aa93b6a4ff4e7a6d8959ab8b4994734ff5273fdac8d5aafc5883d31869b62d75ed85ce9d5f869eddc3df45a3769add77b3f8ce3a6f8253778b65a1a3fad79f7ba5b3d6af5dc0f63b929feb30ea0d226ae69fab45ecddcb5d6f96b3d6b313fb7cdaf10aa0981dc3969ad9a358ef4aad5734fbc831b0f6eafe94b83e06afcf27d7a46e85177d4de989b5b0fea2c904ac3606f7caa5f5aab56cb3a77ed91f9b8f980ae1abe2410d663977fa7e76e356b3eb557e6e1f603c96df8925048354be68c52ba6ff01604501a50576353bdd2ba7738dbd7d977c4e44df8b89a663f9ab30d8fd98324ed77bb6f48bc151f56dbf4eb796701525b1f66e10dfea0a3c0ca95e65fd568590366e00dfe985ec17755a7651d9885b7f82372426b4f9ab79d7b55ab662d988db7f8e5f6c2eb4c1a7f35efaae6d5f7f006dee2172b09a1abc0db3a1b2bfcf80a6ff24be5865069f0ad1dcd13807c8537f9857202a825f892bdf9c28f2ff136bf484ea8e58c29b1aed7b32eccc01bfd0257a196be1f1950236bc353bcd593db0b9e75e00926a8a77b26b60e378107fde9a609ad834ee8c1383a6b4229f4041f8ca5c380b0042010960004c2128040580210084b0002610940202c010884250081b0042010960004c2128040580210084b0002610940202c010884250081b0042010960004c2128040580210084b0002610940202c010884250081b0042010960004c2128040580210084b0002610940202c010884250081b0042010960004c2128040580210084b0002610940202c010884250081b0042010960004c2128040580210084b0002610940202c010884250081b0042010960004c2128040580210084b0002610940202c010884250081b0042010960004c2128040580210084b0002610940202c010804f5e7cf3f4a3f0c4194b807f90000000049454e44ae426082, 0x89504e470d0a1a0a0000000d4948445200000140000000c80806000000990438ab000000017352474200aece1ce90000000467414d410000b18f0bfc6105000000097048597300000ec300000ec301c76fa8640000076b49444154785eedd681aedb281005d0f7ff3fdd5daf44eb66ed18f09080e71c29ea6be20c64f05cf9e71740520210484b0002690940202d0108a4250081b4042090960004d21280405a0210484b0002690940202d0108a4250081b4042090960004d21280405a0210484b0002690940202d0108a4250081b4042090960004d21280405a0210484b0002690940202d0108a4250081b4042090960004d21280405a0210484b0002690940202d01088bfaf9f9f9eb453b5d83c51c059e00eca36bb088b3273de1d74fe7607267c1b7117ef7e81e4cea5df06d84df7d3a0893b90abe4200dea7833089dae0db08bf18ba085fd6127c1be1174727e18b5ac34cf8c5d24df8829ea73ee1174f47e1c35a834cf08da3b3f0213d4f71c26f2cdd850fe8093ee1379e0ec3403d4126f83e47a76180dee0137e9fa5db10ac27c404df77e83a04e97982ebf90e71741e02f48498e0fb3e27003779ea5b9753804e3d4126f8e6e234a0434ff009bff9381168e4a9ef399c0c546a7d8a6bbd9ecf733a50a135c804df1a9c125cf0d4f75c4e0a4eb48699e05b8f138303ad6126fcd6e4d4e045eb539ff05b9793839dd6f0636d4e10fed5fa2427fc9ec129925e6bf009bfe77092a4e6a92f37274a5ab387dfb6a6d01d4b7749a72558be154265cd6fac9d89ee924a4ba0cc103e02702cdd258dd5c26f2300c7d25d96b785c45550d406494dad4f1ab997d97eeb37e4fef52caf66806b873c3a0c4ac094578fe83d15a3eaae461758dad520d70cfa764d5420945a47f57ad688dad7ded9fe32d205967535c435431e1504b5a1d2ba5ed4fef646d45c954eb0ac77837c35e4dbe71141d053a7e5fa883dee45d75b9d6eb0acb361be1af2a810e8add3f2bda8bd6e226b3d858eb0a4a361dede7b37e4579fb7b85ba7f6fbb3ecf7a9748525bd0ef4d58047064044adda1a51fb8efcfd4fa22b2c693fd057c31d31fca5465490d4d4f9e45a59e90c4baa09a4edb388e1af59ab554dadc8bd734c77584e4d20450d7ecd5aad6a6bdd5d3372cf4fa5432c671bec77c31d35f8a54e7490d4d6bbb36ef49e9f4a9758ca36d867c3fdeeb356fb3a51358bda7a77d68ddef353e9124b391becc881dfd78a0e92967abd6b47eff9c9748a656c837d34dcd103bfaf37b2f695deb5a3f7fc643ac512ca50ef877bfb3b7ad85feb47abadd9bbf6883d3f996e31bda3501a31e8af353fb1c6999eb547ecf7e9748ca91d85d2a841dfd71db1464bcd9ef547f5e5c9748c69bd06d2c8017fad3d62adda9a3d6b8feccd93e91a53da0f74f97bd4901fd51db1566dcd9eb547f5e6e9748de99461defedd0ff6a8213faa1bbd564bbdd6b547f525039d632adb3097d7ab11837e56337aad967aad6b8fe84b163ac734b6417e37cc2306fdac66e45aadb5465fcf1f3ac7146a86387ad0dfd58b5cabb5d6e8ebf943e7f8aa6d786b07387ad0dfd58b5aabb5cee8ebf99beef13565786b873872d8af6a45add55a67e4f5dbb551bfeb297483af2883d83ac0116aea44acd553a3f53bb5d76fd745fca6a7d1113e6a3f88ad031935c0357522d6eaa9d1d39377dfb9fa3c3b9da14bcf50edbf73f7fbbd6a6bdc5dabf7fbbd7d397bf19e0ed1ac75b05e87b177302306bab6c6ddb5bef91ba9a7db34691dd0d7ebef0c784438b4d4e85defdbbf917aba4d93da01ddae7bbd3662b8efd48858ffcadd353eb147fed06daad50ee7d175330cf6e83d44d49fa14f99e836d5ae8673fbfce89a59867ae43ea26acfd2ab2c749b2a578379f6f92c033d721fd1b567e959063acda57703b97d76f6f94c833c722f33fd4eda3839de7a37dcbd9f7dc3a8fd08bfb5393dde3a1af0edbd77833f6b2844ef6bd6df493d27c8a9a301af197a01c82a9c20a75e077ce5f0db44ee4df83d8353e4d07ec0b7bf6b067ef65088d85f6d2f588393e45019f2da615f2114eeee51f03d8f13e57fb6412faf1a2b0543cf5e5b7ac15a9c2affd332ec3305436d50adfafb88e774f9ad36408a19c2a1ecb9752f57dfeba9c97a9c30ff29c35e3bf4df0c87124e517bd8d78baccbfc9c34bf07be76f03f1d102594ca0ba2b89b92db074a4db87c22804ad095178ce2ee4aec355caec266541895a02b2ff814775b52af4173153cd1c154c22eba2eb470f72574143aef82282aa44ae045d583bbdc89c99c854febfbb54ae0ddad0323b82b13690db99ed02a61575e3033776822678174f47e4d789590dbbf6025eed824cec2e9e8fdb3f75e5fb03a77711267a1f5fadefeffe53b47df8327706727b30fb5ab173c9dbb3cb17dc8093c3272d727e6698fecdcf9405a0210484b0002690940202d0108a4250081b4042090960004d21280405a0210484b0002690940202d0108a4250081b4042090960004d21280405a0210484b0002690940202d0108a4250081b4042090960004d21280405a0210484b0002690940202d0108a4250081b4042090960004d21280405a0210484b0002690940202d0108a4250081b4042090960004d21280405a0210484b0002690940202d0108a4250081b4042090960004d21280405a0210484b0002690940202d0108a4250081b4042090960004d21280405a0210484b0002690940202d0108a4250081b4042090960004d21280405a0210484b0002690940202d010824f5ebd73f9ea5b9933ae5989d0000000049454e44ae426082);
INSERT INTO `signature` (`Rental_ID`, `Rent_Signature`, `Return_Signature`) VALUES
(12, 0x89504e470d0a1a0a0000000d4948445200000140000000c80806000000990438ab000000017352474200aece1ce90000000467414d410000b18f0bfc6105000000097048597300000ec300000ec301c76fa8640000078649444154785eedd48b8edb2a0004d0feff4ff7de54a2f566fd001b670d738e646d9b60c0c433bf7e03845280402c0508c45280402c0508c45280402c0508c45280402c0508c45280402c0508c45280402c0508c45280402c0508c45280402c0508c45280402c0508c45280402c0508c45280402c0508c45280402c0508c45280402c0508c45280402c0508c45280402c0508c45280402c0508c45280402c0508c45280402c0508c45280402c0508c45280402c0508c45280402c0508c45280402c0508c45280402c0508c45280402c0508c45280402c0508c45280402c0508c45280402c0508c45280402c0508c45280402c0508c45280402c0508c45280402c0508c45280402c0508c45280402c0508c45280402c0508c45280402c0508c45280402c0508c45280402c0508c45280402c0508c45280402c0508c45280402c0508c4528030815fbf7eed5eac7332f0206be555731d69199bc469c0437caa9c14e13f4e8158e945d0f2ece5ac6aae9128406295b08e16da9e96cf5e0a6ced6a71f6be9f90fbcb136f8480f6b62ca7f7eb0e77cf7f9502848e9e12f465f12caf355b9ff7f6a9755a2840e8e827425eca6d79b5681d7fd6a7d669a100a1a3bb435e0a6e795dd5638e1a9f5aa78502848eee087929babb0ae413c5f48935ce5080d0518fa097b22bd7ddee5ee313cf709602245ecfb23933c772fd1e7b6875e79a3ff13c2d9ebd3bb8d17be9f4086bcd1ccb757bac79d55d7b78c2b31d79fe0ee126ef01ed11d8ad395e9f97eb69eed8d3139f73cd18bb84cede03da2bb06bf33ebd0c7aefefe9cfbb34ce4ea183ad42ea15da32ffd63a4fd4fbd94732d66ee182bd705e0d6e097fcf7996d75d7acd7de71eef34e6aee184ad909e0defebbe7295ff5fb535c772ad1eeb143de6eab99f4f1b77e7d0602fa42d017e8d2dd7bb9679b6d4ceb1b587163deebf3ac74f1b7bf750612fa435012e413f1a5b33576f57d63c7b6fcd598c628ea7800d4741ddfabe84bc25e82d637b39bbe699fb5acf6304733d0dbcd90becda776743fe93c570f77ecf9ec908e67c2af8df516897df5f0df94f1644ebdab5e3af9ec908e67e3aa2ed85b7847b8690b7eeff68fc0c67522be32989b415e2d902def22c4763673a971a594f4b9465985fff5e5eb3687d96adf1b39d4badbc27264209f45ab067097aeb73ac8d5f3b9f24b94fcee39d0de65ea8670a7bebb3bc8f9fe92cce72023cce2b9867c2bdbc6fed6ff9f70c5a9f65397eb6b3b8c229f0286782fd7ecff2ffe5fbf731236b7996e5b3cf760e3d380d1ea1359c7be3670df999332a7f673d93ab9c0a8f501bd09a30f708fb530aa33c6feb7ecede97c6e970abda001e8dab0d738fc0f798a38733fb28e7f49467783aa7c46d6a83b837a635cc2d63b7f498e3acf2bcad7b58ded37a6f3227c56d6a82b8356619e8163dc2df638e4f2867b4dcef287b7f0aa7c56d6ac2f81ede729d75e5de97abf77fc2d6198db0f7a771625429a15b5e358ec6b5ce77e4ea3cbdf6d1dbde396d7dce31a7c6a1add0d5d81b774770afced77b3f571d9dd1d3f63b1aa7c7aead80d5066f6ddcebb3f279ed3c35aeced5732f572dcf68cdd1f7d47182acaa09584d009763dee7acb9bfc595f97aefe5acf7335af394bdcec049f24d6dc06ac69540af8dad5da7d6d9f97aefa355399f9a7dfcf45e67e334f9a6366447e38e42dd3bcc67e6ebbd871647e7c3fd9c3e5fb484726bdc728ebdb96ad769d132e71debd778adfb536bf3955f81bf4a306bc3f93e6eeddebdb96ad769513be71d6bef79ad572e9ec3afc11fcb70d68674397eeb9ebdb96ad76975b4e65debaef9f47ab4f1cbf0c732a4b581ad09f7def7b5eb9c51f6f67e7dcaa7d7e31cbf10dfc27a14dc32fe68dccbde989afb47d2722e3c835f8a6f81dd0af07bb86b827e34a6668ea72ae7512ec6e357e35b80d7c25cfb59ab1e737cd26bbfe5627c7e45be05fa3ddc6b61ef5500bde6b9db6b9fa3ec957a7e51be85bbfc7b2ff45b9fb7ba7bfeabf6ce80f1f965f91bf0e5dfa3d0f72c85f7b97ace7d56cd19303ebf305f825e1bfcdee550d6ed3d2fecf1b6f1b7745a4a485131036f315f4aeffdef1605c80cbcc5e196e5f752536cca8f59789383bd97df8b02248937395429b1d602547eccc4db1ce655607ba5a70049e26d0eb2555e0a9054dee600afd2da2baef25d4db9294066e26d9e5c4ba92940d2789b27565b56b505a8fc988d377a522d65f51a5b335e01321b6ff4646acb6ca9e61ee5c78cbcd513b952520a9044deea495c2dbfbdfb951fb3f2664fe06a41ed15a0f26366deeec1f528a832c77b112a3f66e70d1f58cff22b4a092a3f1278cb0776470142126fffa07a1597022499b77f40ca0ffa9080c1283fe8470a06d2b3b4142028c061283fe84f1206d1abb4941ffc230d03507e700f8918408fe2527ef09d540ce06a79293f58271903b85260ca0fb649c700ce9698f2837d123280d6227b8d577e704c4a06505b668a0fda48cb204ab9ad159ce28373a46640cb32547c709ef400b11420104b0102b11420104b0102b11420104b0102b11420104b0102b11420104b0102b11420104b0102b11420104b0102b11420104b0102b11420104b0102b11420104b0102b11420104b0102b11420104b0102b11420104b0102b11420104b0102b11420104b0102b11420104b0102a17efffe0f6e33ac929de05ab80000000049454e44ae426082, 0x89504e470d0a1a0a0000000d4948445200000140000000c80806000000990438ab000000017352474200aece1ce90000000467414d410000b18f0bfc6105000000097048597300000ec300000ec301c76fa8640000078849444154785eedd68baee3a81640c1feff9fee1177c41563f9c92336ec2ac9524e12b049c352fff90b109400026109201096000261092010960002610920109600026109201096000261092010960002610920109600026109201096000261092010960002610920109600026109201096000261092010960002610920109600026109201096000261092010960002610920109600026109201096000261092010960002610920109600026109201096000261092010960002610920109600026109201096000261092010960002610920109600026109201096000261092010960002610920109600026109201096000261092010960002610920109600c242fefcf9737af15f7e1198544de09e7e7f757e019848ef78458fa000c2247a86af1439820208931819aaa811144098c4e848d5ce9fc6ed5d33104098c8e8b0eccd5f466def3a72f5f91708204c66545472b0b657ab5ef38c208010d85ee846c5ea8b11144008a40cde5190be18aa510410167715bc2d0104a6f6347a250184459561e875d07bced5aad7b37c653da3092074f0663072f47a3e830002b7fd3a1823a2571240e0b65f056364f44a0208dc363218397abf8c9200c2c27a1ff011f3e5eb0d6fddf7d7049050caa8f43ce43de6cacfd6f3b96a7de1197e21c62a096f1b96de07bc76befc5cbd9fa7c5979e65b4382b25acbd03ddfb903f992f7d375f5ff4d5e71a21ce4a09e9e830f73ee477e64bdf69b96f1edf3acf9951f37e55acd512cad961ee7dd08fe64befe7eba972ecdef8a3f75bf49eefeb62ad9630ae0ef2c870a4d7f9aaf1746ced7df6f49c6b06b1564b08578778c4214f73e6ab45cdf89eebe939d70c62ad9610ae0e71ef60e4eb4d3deefff61ade106fc52cedea10f73ae4699e72aeb7e3d1e3fe6fafe10df156ccd2ae0e71cb214f63f3b5d5326f0fadf77ffbf9df1273d52ce9ea10d71ef2346ed4dcbdb4deffede77f4bcc55b3a4de914adf9f250c2dcf39cb1a4788bb7296727588ef1ef2f4bd7ccda2f559675a6b6f7157ce52ae0ef19dcf670d41cb73cfbae65e62af9e25dc89db91f4d9cc11687df699d7de43ecd5b384abc0ed49efcf7ef85b9f7ff6f5f7e017607a670779fb59fa7b9583dfb28e557e83567e05a6767690cbd895af57d0ba96957e8b167e05a676769073f4563becadeb59edf768e197606a478779c5f025e2d7975f8369ed1de655c397885f7f7e116ecb71c9d7dbca67f8ca338dd06b6dabfe3e2dfc229cca876feff0bc7da0ce9eadc6dbebd9b3f2dabec0afc2a1ab4373f679fa6ce4a11b31ffc8e77dd3aaebeac12fc3ae3b87e6e83be9fd51872ecfdd7bfe51cffb052bafad955f86ff781297bdef8d3a6cdbe7ea7d9f51cffd96fc7badb6aedefc3afc5fcd61d98e6939707b63d37b47eff7d47bbeb7adb69e51fc4afc4fed81d98e6b99a71cbbfd7babf63e7b7acec55cfccbd31480edd89ab9ca31e9f59d396aeeb3a7d73cccc9bf7e70ad0128c7d7cc95c694d75d35f7daea310773b303826b8d4039be66ae34a6765c8bd6f1acc12e08ac4704ca399ecc97be9baf1a2de36ac7b21e3b21b01c83962894e3eecc51deabf69e49edd8967bb21ebb21a83242f9aa518e3b9b637b8fdafb6535e35befc97aec88a0ca20b584a11cbb374f799face57ea53bf3e4fbf7ba276bb12b822a83d01288ed3cd9d99cb5f7dab3bd4ffe7bfb3eecb14382dac6a13616e5b8fcfa6aaeda7b9d49738e9897b5d931416d6351138fbd39aee6a9b90f8c623706b517afa7ca31e9f59d396aee03a3d88d416d435413a61cbd3cf6ce1c35f78151ecc680ca68654fc3543bc7d3fbc048766330395cf9ca9e84297f773be6ce1c4fee03a3d98dc11c05e86ebccaef6dc75ccd71f6f9d55818c1ae0be6283435f1bafb5e567b6f18c5ce0ba42640e9b327e3aee62a9dcd0dbf60f70572149ba7ef27356392f479bee06d7661104f82752750679f5f8d85afb05383388a52f97e7a7d375e67dfbb3b07bccd4e0de02848e5fb4fa22570acc24e5edc59acd267f97a420059859dbcb8a358d5842f113f5662372fac77fc1201642576f3c2f662d512bf44005989ddbc28f1836b76f4a2ca58e5f0b5064c00598d1dbda81cab1ee14bc48f15d9d58bcae1133f3866672f48fce01ebb7b313958e207d7ecf045a458891f3c63972fa08c5519c21aade3612676fac4b6b1caaf6b03267c4463c74f6a1bababbfaf881f11d9f5132a63955eefc5eb6ed08ec6430476fe44b6b13a0bd79da8091fd1390193d8c6aa2570e97df103019c424dfcb21cbbf202fee5347cd85eb0040cfa719a3e6a2f74e2077d39511f247ef01b4ed587a4c8891ffc8e93f51147e1133f18c7e9fa806de4840f7ec3297bd15ee8840f7ec7697bc95ee8c40f7ecb897b81f8c13738753f267ef01d4ede0f6d4397fe163f788fd3f7037ba1133e789f5338d85ef8c40fbec1491cc8fffae0db9cc841cad8f95f1f7c935339c0367ec037399d9de5e0f95f1f7c9f13da51193fe0fb9cd44ef2fff8c40fe6e1b402610920109600026109201096000261092010960002610920109600026109201096000261092010960002610920109600026109201096000261092010960002610920109600026109201096000261092010960002610920109600026109201096000261092010960002610920109600026109201096000241fdfdfb0f8ce5fa44b33922ee0000000049454e44ae426082),
(13, 0x89504e470d0a1a0a0000000d4948445200000140000000c80806000000990438ab000000017352474200aece1ce90000000467414d410000b18f0bfc6105000000097048597300000ec300000ec301c76fa8640000080149444154785eedd48b929bb81640d1fcff4fe70e9d912f6178e809c267ad2a573a6de998c668fffa0d10940002610920109600026109201096000261092010960002610920109600026109201096000261092010960002610920109600026109201096000261092010960002610920109600026109201096000261092010960002610920109600026109201096000261092010960002610920109600026109201096000261092010960002610920109600026109201096000261092010960002610920109600026109201096000261092010960002610920109600026109201096000261092010960002610920109600026109201096000261092010960002610920bcc0af5f8eea08ee2abcc0124011eccf1d859710c0fedc51780901eccf1d851711c1bedc4d781101eccbdd849711c17edc49781901ecc79d841712c13edc4578a1e8015cfefef5ab9600c20b4508e03672ebd7fafd1602082fd47af06794827616b6abf74b0920bc50af003c2d2768396b6a0920bcd08818dc611db3b3bf21674d0f02082f353a0eadd6114baf2bb9eb7a114078a93b439123c5ab2462357b7a124078a92782b15613af9a3d230920bcd4dd01698957cd9e3b0820bcd41d4149e1aaf9ac96bd77114078a911615947ab667ecbde2708204c661d91b3981cfdbe44cee7e468ddff140184095c4568fdfefa55ab75ffa2c7753c4d00e1417707a4c7e7dd7dcd230920644a07bf5700ee8848af6bee3163460208178e0e7e4b0c4685245d6b7ab5e8356766dffb9741075787bf260ebd839222d56b6ecf59b38bf15742a1920894c4a25758d2f5cd3aef2d62fdb590a92404b96b5be39202d53a27e93def8de2fee570a03408b9eb6b42930255b3f748ef796fe62ef0f54a0e7b4d1872f694ce5dd6d75ccb9134afe7cc6fe06ef0f5720f7d6d1c72f6e5ae49af1e7acffb46ee0c5f2f3700b5a1c8d977b466f97d7af5d27bde3773971866964398731d2dd77ab577effde5772d9fb995e6f59c1981bbc530331cc6dc6b68b9d6abbdebf7979f5b3e6b2dcdea352f22778e21663994b9d7d172bd677bd37bcbbf2d9f91a4393d66f1cffdfcf75fe86a96039a7b1db5d77bb56f79bff55ea419ad73f82f7794216639acb9d7517bbd7bfb96dfad5f355af793c7dd65889a83dbfbc0e7ce6af9ccf5deedf5d7ccddce602c779a216a0f7f4fb9f35a3e77d99b5e5b25738f6630963bce10a58779c4e1cf9d59f3d9cb9ef43a723537670663b9f30c5172a8470460c4e72febd22bfdffccd1fbeb193ccbb7407725877b54087a5ec3f2fede9a9c7d499a71b5877bf936e82ef7908f8c41c9eca3b5cbefcfe65c7d46da7fb58ee7f866e82ef7c08f0c43e9ecf5fae5e7abfd67efe7ec670ebe25bacb39fca303513a3f452b77df76dd767fee1c9ee55be2af83db43ceacd18128995ff3f7a73d477b4be7f10cdf123f7a1ed89c592303913b7b5997d696eeb95a9f3b8f67f996f8d1f3c0e6cc1a19889c386dd794ecb95abbc859c3f37c4bfce879609f0ec4d1ece5f767ef6da5f5ebf78ef66fe5aee359be253e7a1cda1902b19dbdfc3fe7f3d2baa3f539339292b53cc7b7c4478f439b3b636420d2ece5df92ebb95a9b3b6b51b296e7f896f8e8716873678c0cc432bbe43ad2dab33db9f3d66af6702fdf101f3d0e6cee8c517158e6e6ccde5b77b62f67e656cd1eeee51be2a3c781cd9dd13b0ecbbc34f36cf67add9eed7b57ebafb4ec3d32626654ee241f3d0e56ee8c9e87783b6befffe955a274fd9e1e33d66afe0e8eb9937cb41eac92fd3d0ef1590cd27bb59f53bb6fcfacb3f8e77efefb2f341fae92fda33e6bf97d7ad56abdb63dadd7b418715dd1b9a37cdc7940d76b979f73f7eead4dbfdbfb7da99a3d25f6aef34c5a3ffabaa27257f9683d64230ff6766dcefeb3f7b6ae66f5963eefeac558ee301fad076ec481dd8660fbff33396b4be6f17d7cf37cb486a06748d6614a3fd7ce5fefdfbe88cd13c0474b107ac5641da7f482513c5d7cb4c4a63554ebe0b5ce825c9e343e5ac253bb57f07892278f8f968895123e66e009e4e38e00a6f0891f33f014f2313280c2c78c3c8dfc6809d3d95ee163669e4a7ef40ce03a7ae90533f264f2a33652eb7ddbd8091fb3f384f2a325807be1ab9d0777f294f2a324582970db3d7bbf8399795af99113aeb3c0091f6fe4a9e5c759d8aec277f41eccce93cb7f0296a2761536e1e3ed3cc17c429613bd44fcf8069e628ac3277e7c0b4f7260296625f1836fe2890e662f7a3961133fbe91a73a886df492abb01ded836fe0c9fe62295e6701ab7d0fbe8127fccbe4446fed689df81181a7fc0b94462fd95b5f3307deca93fe5229542db1daee153ea2f1c4bf4c6bf4d6d29c9e33e14d3cf52fd13b52699ef01199a77f72a322257c2080d31a193ef1833f9c84c98c0c549a2b80f08793308991e15bac670b20fce1243c28456f74f8d6f3477e16bc8dd370b314a43b42b4f7190208ffe734dce4aee82d8e3e4bfce06f4ec46033842f1140f89b1331c89de15be47c9600c2df9c882f207e50c7a978b1256ae207f59c8c972a899a00c23e27e385c40ffa703a5ea634680208c79c8e17113fe8cb097909f183fe9c9217103f18c349999cf8c1384ecbc46a62268090cf699994f8c1784ecc84c40feee1d44c46fce03e4ece44c40feee5f44ca42466cb5af183364ed0244ae307b4739226207ef00ca7690257515bde4f2fa01f276a027b71133d18cfe99ac43a78a207f770d280b00410084b0081b00410084b0081b00410084b0081b00410084b0081b00410084b0081b00410084b0081b00410084b0081b00410084b0081b00410084b0081b00410084b0081b00410084b0081a07efffe1f7bc666ca59d669040000000049454e44ae426082, 0x89504e470d0a1a0a0000000d4948445200000140000000c80806000000990438ab000000017352474200aece1ce90000000467414d410000b18f0bfc6105000000097048597300000ec300000ec301c76fa864000007fb49444154785eedd4098ea0361040d1b9ffa527b1324e08cd62f082a1de935a9974835d20fc7ffd06084a0081b00410084b0081b00410084b0081b00410084b0081b00410084b0081b00410084b0081b00410084b0081b00410084b0081b00410084b0081b00410084b0081b00410084b0081b00410084b0081b00410084b0081b00410084b0081b00410084b0081b00410084b0081b00410084b0081b00410084b0081b00410084b0081b00410084b0081b00410084b0081b00410084b0081b00410084b0081b00410084b0081b00410084b00814dbf7e7d3f0f0208fc90e2977fbe4c00811f72f8041008e7ebe1cb0410f8410081b00410084b0081b0041008294afc120104fe470081b00410084b0081b00410084b00819022c52f1140e05f0208842580405802087c4e0a5be94f2402081f74276a57aefd0a0184175ac66debe78e9a7bdf4a00e1256a0377460081e98c0a53b4f825020893c9c11b15be64e45e33114078d032744f45e8a97d672080d05849cc6688ce7286a767798a004243eb902cff3f076786d8ace78a2aee9343437b61cbbf9f2932eb59669a6d3401840a7b715bfe7e96c01ccd1a55dc278706d6f19835327bfb3f3dd7d3623f3d5458c623fdfb28264f85e668aea7669a89370037e4b01c056669746ccee61a3dcfacbc05b8e82c2e5b4605a774b651f3ccce5be0334a0fff5d79fd3b7bf49c2bb93257ef59dec49be0d05b0e4b9eb3c7bc69cddaf57bcc952c672bd16b8eb7f23638f49603d37ace1c96f5ba77f7693d5f7275cd1e33bc9d37c2a1371c9a9633a6b5f6d6abd967d48c5bae5e1f89b7c2a1d90f4eabf9ce2251bb4f8b39cf665ccad7b6d8f7cbbc1d0ecd7c805acc561a89dabd46de5fbb5724de1487461ca6b4c79d7d6a665bee59b24ecd5ec9ddfb97739eb9722dfff0b6d835ea30ddd9e7ee6c5b912859ebee7ec99d7bb7e63c52335f64de1abb461caabb7b5cbd2f5dbf774fc95a77e74caedc7b34e79e9ad9a2f3e6d835e260ddd9a375206aff7ea6e4fe74cddd7d6ae78bcc9b63d7888375758f2bd7a76b4bae3fbbe6ea8c6b47f797ceb8a776b6e8bc3d768d385c57f628bd365dd772dd2b6b6dd9baffea8c7b5aac1199b7c7aede87ebeafa25d7df99f9ec9edaf7b0bc3ffdbb76bda5966b45e4edb1abf7e1bab2fed9b5e9ef77e72d59fbae7c6fcd7c7b5aaf179137c8aede07eccafa7bd7a6dfd7ce79747f8bb56bd7d8d36bdd48bc4176f53e60a5eb6f5d977ed76abea375eeee91e76b35e3969e6b47e10db2abf7012b5d7f795dfa778fb9f6d6bcbad77abe1eb3663dd78ec21b6457ef0356ba7ebeee89985c99717d6dcf7993deeb47e00db26b86039caec93fbd6ded71b6efd16cbd67eebd7e04de20bb7a1eb0d2b5471ef2adbdf6f64fbf3f9a6dc4dc23f6f83a6f905d3d0fd8d9dae9efa30f78c97e25738d9a7bf4fbf9226f905d3d0fd8d1daf96fa30ff8d94ca5f38c9afb6bfb3ce1bb4f46b59e1ffed6dae977f9f74f1cbab3994a8c9cbbe75ef9b9f3cf577df7c9a8d6fb802d9dfdff2869dfe5cf5523e7eeb5d7c867785a9c27e5b29e0721af9dfebbb5cf538730cf7367ff27666eb9e7dde77eb3584fcb253d0fc3d9611b7d10d7f35cdd7ff4bc59cdbef999f34f44319f9a53bd0fc4d9fa25fbb79831adb1b74ee9fa2de6a87175ffa3678ec65b6053af03920fdfd9fab57f3f53324392afdbbab6748d114ae69869de59781b6cea7150966b9eadbff7f7f4fb9ad96aeecff7d6acd1d37abef50f3f792b6c6a7d60d6eb9dadbf75686b66da5a0f7c116c6a198badb54ad6cfd1ca3f77d4dccbf7f932f8a155348ed6e91da556cfc0b7f942f8d7321ab5f138bbbf579c96cf00677c29c1e560aca3511391927b6bd6dfb2f50c70c61713508ec55e306a42527a6fcd1e4b47cf01677c398194c6e26e50aedc571badd2678123bea000aec6e24e5846de73e73ed8e24bfab0bbb1b8724f4d9046ed037b7c511f541b8bd27b6b8354727fedb3c0115fd6c7b4884569987a123e46f0857d44cb609cadd33b4cc2c728beb4976b19bee4c9f8b57e1638e36b7ba95eb1d85bb3679c7aae0d477c752fd433165b6b0b1f5fe5eb7b9111c158afdf7abffc0cbd9f034af80a5f60643096fbb4dc73e43340295fe4c4464763b9578b7df3fc239f01aef0654ee8a9682cf7acd9ffa9f9e12a5fe9449e0cc772dfbb333c393fdce16b9dc00ce1c8fbdf996386f9e10e5fedc36609c79d88091f6fe7eb7dd05be3277c7c85aff8013305e4ca2c33cd0d2df89a079b2d2025f3081f5fe5ab1e68c6f81dcd247c7c9daf7b805943b23793f01185afbcb35943b23597f0118dafbda399e3b79c4df888ca57dfc1ec41c9f3cd3e27f4e6eb6f6cf6a0881efcc7496868e6b0081ffce4443430735cf26c33cf084f71222acd1ebe4cfce027a7a2c26c51c9d15bcfb5f53b40006f992d2867f3881f6c73322e7a53f892926b202a27e3825942226ad08653546886e0081fb4e53415783a3ac2077d3855279e0c8ff0415f4ed781a7e2237c308653b6e38900091f8ce5b46d181d21e1836738752ba34294a3277cf01ca76fa57790440fe6e1242ef40a538e9ef0c15c9cc8859681123d989fd3f947ab50891ebc8793fa476db4840fdec789fddb9d70e5e0091fbc9793fbb7a380ad43977f80f77392ffd88a5cfa01becb0907c21240202c0104c21240202c0104c21240202c0104c21240202c0104c21240202c0104c21240202c0104c21240202c0104c21240202c0104c21240202c0104c21240202c0104c21240202c0104c21240202c0104c21240202c0104c21240202c0104c21240202c0104c21240202c0104c21240202c0104c2124020a8dfbfff0288f7d25e953cca620000000049454e44ae426082),
(14, 0x89504e470d0a1a0a0000000d4948445200000140000000c80806000000990438ab000000017352474200aece1ce90000000467414d410000b18f0bfc6105000000097048597300000ec300000ec301c76fa864000005c049444154785eedd4816e9b581884d1bcff4b771765515817db80af63863947b22ab54d94febdf37dfd01282580402d01046a0920504b00815a0208d41240a0960002b50410a82580402d01046a0920504b00815a0208d41240a0960002b50410a82580402d01046a0920504b00815a0208d41240a0960002b50410a82580402d01046a0920504b00815a0208d41240a0960002b50410a82580402d01046a0920504b00815a0208d41240a0960002b50410a82580402d01046a092050eb5201fcfafa5afd00acb94c1d1e854e0c813515015c1241605617c08908ee37ddccddb89aca004e8c799f3980eec6955ce2351f1da541efe75e5c4975006746bd9d5b712502f81fc3deceadb80a015c30ec6ddc89ab10c005c3deceadb802015cb8d2a8a77fcb96cf51af7c2d9c8500deb8dab0e7d0ddfb772dfffcde67cdbddf87249778c523c778d5613f8ad933f3d7defb40aaf8d73b7a80571ff4c87fdffcbda65f1f7de0ace25fe7e88119ec765b6f358770cf077e8300de30beedde79ab3984fe3f7827015c6174dbfcd69d84907711c015c6b68d3b914e005718f6766e4532015c61d4dbb915c9a25faff87d9e7b914c006f18f43eee453201bc61d0fbb817c904f08641efe35e2413c01b06bd8f7b914c006f18f43eee453201bc61d0fbb919a904f08631efe766a412c01bc6bc9f9b91ea12019c7ebdfd1c71f4ebdab91ba9e203786f7c8ffeec1e433ec6dd48151fc067f68cd3908f713752550470ebdfe318b72355eccbdd3bba672134e2e3dc8e5435019cdd0ba1111fe776a4aa0be06c0ee1fc7d8cf838b723556d00979621643fb7239500fe6bfe5e42788c9b912a3a802386b7f63d467def166e452a017cf03d0c7b1b7722557500b77cbd713fe746a412c00d0cfc39372251740097bfeeb5f7eb0cfc31f72151ecab5d0eeec8f87eeb6b5ab80d89625fed2b013c3a5623bfcf6d4814f96ad7c636fddeb3116ef93bcf8cf81e57e426248a7cb58fc676efcf460fd4e0ffcf3d4814f96a9f8d6dfaf3dbcf68eff89ec9dc8344970ce06f31fa1f6e4122017c81d1ff700b1209e08b0cff9b3b9048005f64f8dfdc814402f822c3ffe60e2412c0018cdf0dc824800318bf1b90490007307e3720d3e502f889211abf1b90e932019c7eef5323347e3720537c003f19be25017003f24407f04c83337e37204f6c00cf3636e37703f2c406f06c8cdf0dc813f762cf3a32e37703f208e020c6ef06e4897ab1d3c004f0bcdc8034023888f1bb0179625eec3c2e013c2f37208d000e62fc6e409e8817bb1c96009e971b90460007317e37208f000e62fc6e401e011cc4f8dd803c023888f17f73079208e02086ffcd1d4822800318fd0fb72089000e60f43fdc8224023880d1ff700b9208e08b0cfeffdc832402f8a2b3fc3c7e0ed82fe6b5cec312c075d3cfb1fc593ef5739dedff071e8979adf3b0ce34b0b38d7dfa79969f4f38db4de09198d73a0feb4c0333f6bfb9094904f005c6fe37372189001e64e8ebdc852451af751a97009e9bbb9044000f30f2fbdc862471aff5d30333f0c7dc872402b883713fe74624890ce0a74666dcdbb81329047023a3decead481119c0e5afbfc5a8b7732b5244bed46960bf393283dec7bd48111bc0e5afef64ccfbb919296203b8fcbc8b211fe36ea4887da9cbf88d1edcf27bb39fdb91e2322f7554b48cf7756e488acbbdd4a3213cfa75fccd1d4971d9973a07edd918b7fc1df6714f5254bcd439726b1fc673575278a90c2780a4f052194e0049e1a5f216224802af94b710401278a5bc850092c02be52d0490045e296f218024f04a815a0208d41240a0960002b50410a82580402d01046a0920504b00815a0208d41240a0960002b50410a82580402d01046a0920504b00815a0208d41240a0960002b50410a82580402d01046a0920504b00815a0208d41240a0960002b50410a82580402d01046a0920504b00815a0208d41240a0960002b50410a82580402d01046a0920504b00815a0208d41240a0960002b50410a82580402d01046a0920504b00815a020894faf3e71fdf26c3977adc19a30000000049454e44ae426082, 0x89504e470d0a1a0a0000000d4948445200000140000000c80806000000990438ab000000017352474200aece1ce90000000467414d410000b18f0bfc6105000000097048597300000ec300000ec301c76fa8640000063f49444154785eedd6818e9b481045d1f9ff9f4e841032f6d863a0a1e8ae3a47b2b2cada4eb68677b53fff008a1240a02c0104ca1240a02c0104ca1240a02c0104ca1240a02c0104ca1240a02c0104ca1240a02c0104ca1240a02c0104ca1240a02c0104ca1240a02c0104ca1240a02c0104ca1240a02c0104ca1240a02c0104ca1240a02c0104ca1240a02c0104ca1240a0ace103f8f3f3f3f402d82a4500975f8510d8234529d6115cac63b8fe7d8045da00be5ac7f0aff701759409e0ab750cf77c0ec823d5f25b422686508f00be21825083007ee0ff06213f01fc4204212f01dc4004212701dc68fa6e21845c04702711843c04f00011841c04f00001841c04f0201184f109e0410208e313c0830410c627800d4410c626800d0410c626808d4410c625808d0410c625808d0410c625808d0410c625808d0410c625808d0410c69566bd7785480067d31df6bee06e02d8c8908fdf6009e1f2826802d8a8fa70d7f16abdc5f25debef842ba579caee1a8ca13e87eb4cebef3dfbbb6122808d0cb3cd9efb2d215c5ed04a001b19629b96982d9ff533e028016c647cedceb8e112423f0ff610c04606d7eeec1b2e21f4b3e11b016c6464edaebce112423f27de11c00646759e885b2e215c5e20800d8ce83c77fdfc5e5fd422800d0ce63cbddc7209e1fa455e027890619cabe77b2e21f433cf47000f328673b9277710c0830cf65ceec91dca05707adfa7d7567bdecb76ee4ab45201fc16bae5df6f791fe77357a2a579e2b68e67cfc8a6f7be7b710db7255ac900b60cadf5f37ce6ae442b17c0c591b1ad3f33fdb3c19ecb3d8996e2893b3a9c3d9ffbf4dee9f797176ddc9068299eb896e1ac03f6ee7b3efdfe3b5bdfc77bee47b4144fdc99c35982b7bcf638f3ef5191fb114d004f76249cccdc8d6802781163decfcd8826801732e87ddc8b68027831a3decead882680010c7b3bb72292000631ec6ddc89480218c8b8bf732322096020e3fece8d8824807f98bef7afd711473f5785fb1049005f2c71dbf29d5bdff7eac867aa701b22a578dace18cdd1984d8e7cced0df731722a578da5a4773c6e8f67e87a1bfe72e444af1b41d1dcdf4b9b30677e47b8cfd373721528aa7ad97f8ecfd4e63ffcd4d8894e269eb293c22d8c63d8894e269db339a8881f5f6f719897b1029c5d3b6753451e3dafbe718fd835b1029c5d3d65b00277bfe2ca37f700b22a578dab68ce68e616dfd338dfec12d8894e269fb369a114665f8337720d2f04f5b86f84d0c7fe60e444a1dc091c664f8337720920076c2f067ee40a4b4011c6d48863f7307220960270c7fe60e444a19c0514764fc6e402c01ec88f1cfdc8128e90238f2780c7fe60e4411c08e18fecc1d88922a80a30fc7f067ee401401ec88e1cfdc812802d811c39fb90351d20430c3680c7fe60e4411c08e18fecc1d88922280590663f83377208a0076c2e81fdc822802d809a37f700ba20860278cfec12d8822801d30f867ee419414011c9dc13f730fa20860070cfe997b1045003b60f0cfdc832802783363ffcd4d8822803733f6dfdc842802783363ffcd4d8832f493360d65e4b118fa7bee421401bc91a1bfe72e4411c01b19fa7bee421401bc89917fe6364411c09b18f9676e431401bc8181ffcd7d8822803730f0bfb90f51867fd204301ff7218a000633eeefdc88280218ccb8bf7323a2086020c3dec69d88922280a30cc6b0b77127a2086010a3decead88922280eb5f7b65d4dbb9155104308041efe35e4411c08b19f37e6e461401bc9831efe766444913c0496fc331e463dc8d28a99eb49e8663c4c7b91d5104f002230db8c7bfab001225dd93d6c37804b08d001245004f36da780590ca523e69770d68d4e1f6f6f71640a2a47dd2a24734f2680590aa523f6951431a7db002485502d828c3587bfc6f104122a47fcaae1c92f85d47008950e229bb624c060ae32bb3e2b382357d8ff8410ea596dc122ee1837cca2d7a4fc896f70a1fe45476d9ebb87d7a01b959395096000265092050960002650920509600026509205096000265092050960002650920509600026509205096000265092050960002650920509600026509205096000265092050960002650920509600026509205096000265092050960002650920509600026509205096000265092050960002650920509600026509205096000265092050960002650920509600026509205096000265092050d4bf7fff011124d775da1f49300000000049454e44ae426082),
(15, 0x89504e470d0a1a0a0000000d4948445200000140000000c80806000000990438ab000000017352474200aece1ce90000000467414d410000b18f0bfc6105000000097048597300000ec300000ec301c76fa8640000065a49444154785eedd6816ea33a1005d0feff4fef16a5485194c44302d8e69e23a1be2d5e309e99fbf6e71f40280108c41280402c0108c41280402c0108c41280402c0108c41280402c0108c41280402c0108c41280402c0108c41280402c0108c41280402c0108c41280402c0108c41280402c0108c41280402c0108c41280402c0108c41280402c0108c41280402c0108c41280402c0108c41280402c0108c41280402c0108c41280402c0108c41280402c0108c41280402c0108c41280402c0108c41280402c0108c41280402c0108c41280402c0108c41280402c0108c41280402c0108c41280402c0108c41280402c0108c41280402c0108c41280402c0108c41280402c0108c41280402c0108c41280402c0108c41280402c0108c41280402c0108c41280402c0108777e7e7e9e5e5c93cac29f7761270caf4935e14f35dc84e075a824c3e8192c5bff752704af41150761a0b687d09e3e79b79acd4f050761986e7a9e8310cca37a03304437b39e83facd4be50660806e663e07359c93aa0dc0f0dc0840cea66a03303c37b39f833ace47c50660706e04206753b101189ceb9c815ace45b506606804207da8566706e6e64ae7a0a6f350a9ce0ccbf5a8e93c54aa33c3724dea3a0755eacca05c93bace41953a3328d7a4ae7350a5ceaa83b2acbbbf189f3a8d4f853aab0e8961dacffa3f91f53a8a9a8d4f853aab0c8941dacfe3590ac06c2ad499003ccfab733cea7cd56d7c2ad4596b480cd17ede9de511e7ac76e353a1ce04e0397a9db3fa8d4d753a1380e710803ca33a054736f1bb671b9efdb4cef2a8b356c3b1a94ec3d2c04736f1bb671b9efdb4cef2a8b356c3b1a94e41afe1303cfb58ceb1d759abe1d854a7a03540ebfdd6ba47adb55b9ec56bd5733ce2bcd5706caa53f4aa9197dfdfdf7bfcf33bad75d5e7d05639cb23ce5b0dc7a63a45cf1af955732fbfaf347e6b4de519ece788f356c3b1a94ed1b3467ed7dccbbd56f37f7b9f7d1d71de6a3836d5297a6ce44a63b7d67c7bff53473db7a5d77babae76deb4a94cd1d2c4f78d5c69ead69a6fef6fb53c6f7de6fd7f9fa5c73bb7386a6f237f733a95297a1cde4a53b7d67c7b7f8b57cfdaf31d2d67beeb1347ed6ff4ef4ea632454b13df3772aba91fd73ff3edfdaafbe73cdbd75eef6939eb3d9f386a6f237f33bff5f9fb49c3d2c86b33579abab5668f67543d7bcefdeff67a4fcb59eff9c4517b1bf99bf9adcfdf4f1a96465e9bb9d2d4ad35d5c1a8ae7be7d53396dfafd7d1ce78c7378edadfe8df9d4e758a1e83e2f1cf8f5a8ddfbabfaaae7b678f677c6b843dbc73d4fe46ffee74aa53b434f296666eadfdf6597beee50c23ece19da3f637fa77a7539da2a591abcd5c59b77530d6f7afd7165bd7efadf7fb5b8edcdfe8df9e4e750a9626ded2c895b5670e46cf21ecf9eeaaa3f638c3b7a753a182a591b7347365edd9c3d163187bbcf31347ec73966f4fa74a054b336f69e8cada1e0372e63b7b7cdfa7f6deeb4cdf9e4ea50a9686ded2d495b5bd8664ebb77ca2d7b77d62efbdcef4edfcd6ebef276f6c098dcaba1186e4a83d8cf06d8b23ebb0fcbd57177351b1822dcd5d5937caa0ecb98f2d677496777b1a6daff4a10b0ab60c7765dd48c3b77edb7a7d62a4ef79e6f11b47df2fe7d109055b86a6b56ef4e15bbf75bd1e3dde7fb60666a17b0baa837ec53058bfbd7a0630131d5db00e7e2b000404ccc5c416dc07dbab905b7e2f00612e26b6a01a80c05c4c6dc163b83d0b3b0108f331b505af02effe02e663720b041c5c93c92e1080704d26bb4000c23599ec020108d764b20b04205c93c92e1080704d26bb4000c23599ec222108d763aa8b04205c8fa9de4008c2b598e80d04205c8b89de4808c27598e60f0841b80693fc212108f333c55f1082303713fc252108f332bd3b1082302793bb132108f331b53b5a425010c23c4ceb010421ccc1941e4808c2d84ce8c1fc6b10c665324fb206a130847198c60e84218cc10476761f860211ce65e206230ce13ca66c60f761f8786df1eddf87ab3209937a166aaf2ee039d301c41280402c0108c41280402c0108c41280402c0108c41280402c0108c41280402c0108c41280402c0108c41280402c0108c41280402c0108c41280402c0108c41280402c0108c41280402c0108c41280402c0108c41280402c0108c41280402c0108c41280402c0108c41280402c0108c41280402c0108c41280402c0108c41280402c0108c41280402c0108c41280402c0108c4128040a87ffffe0394d84722c4e7e87c0000000049454e44ae426082, NULL),
(16, 0x89504e470d0a1a0a0000000d4948445200000140000000c80806000000990438ab000000017352474200aece1ce90000000467414d410000b18f0bfc6105000000097048597300000ec300000ec301c76fa8640000049049444154785eedd68d6ea2501485d1beff4b770e3387cc8d69fd41542e7bad8460535a8d617fe1eb1b20940002b10410882580402c0104620920104b0081580208c4124020960002b10410882580402c0104620920104b0081580208c4124020960002b10410882580402c0104620920104b0081580208c4124020960002b10410882580402c0104620920104b00815802d8bebebefe1e400e8b6f0208792cbe0920e4b1f8b2864f00218bc50fd6a74021840c963e189f048510cecfc2073f054f08e1bc2cbbdd8a9c10c2f95874bb37702208e761cded9127bc47ae058ecb8adb96a88920cccd829b00421e0b6e5b02b810419897f5b6ad015c8820ccc9729b00421ecb6d6bc4b6c44c00614e96db9e8d9808c27cacb6ed11301184b9586c1340c863b16daf788920ccc35a9b00421e6b6d020879acb50920e4b1d6268090c75a9b00421e6b6d7b864b04610e96da0410f2586ad93b58020873b0d4228090c9528b0042264b2d0208992cb5082064b2d4b267b0c40fe661ad45002193b51601844cd65a041032596b1140c864ad658cd6f27a3db610409887b596355a63bcb6465000611ed65a7e8bdd96080a20ccc35acbb56809209c57fc5a9760ed1540f183b908e08d002eee0d9b00c25ca217bb064b002193000ee76bf68a24701c02389caf1140381f011cced708209c8f000ee75b7ebb4efc604e02389c6f11403897f8e52ef17a2680e207f312c00702b8b8bc5600615e02f84400c50fe666c1e5d190add70b20cccd82cb12b24762f6e8f5c03159715963766fd4c40fcec192cb18b4e5f5b5c0adbf1341989f15979f62b686f0f2185dfe0cccc582cbd6900920cccd82cb332113419897f596672326823027cb2d0208992cb7ec11301184f9586d1140c864b545002193d596bde2258230178b2d7b864b04611ed65a041032596bd93b5a220873b0d4228090c952cb2b822582707c565a04103259697955ac44108ecd42cb2b432582705cd6595e1d29118463b2cc228090c932cb3b022582703c5659de1527118463b1c8f2ce3089201c87359677474904e1182cb1082064b2c4f2892089207c9e15364f8190c70adba79e02dff1be620b3fb38cf6c948bcf2bdc50f7e671dedd3a1d8fbfd97ff277e709d85b423c462afcf207c701f4b694789c6f239b67e9667fe1612594b3b5a381e8999f0c13656d38e1a90356ed70e601beb19880964b1f88100fee7bb2081bb7c60f4fff81e48e14e1f18beef802ceef681f1fb0ec8e26ebfb00420390202481277fb0501801cd60ec4124020960002b10410882580402c0104620920104b0081580208c4124020960002b10410882580402c0104620920104b0081580208c4124020960002b10410882580402c0104620920104b0081580208c4124020960002b10410882580402c0104620920104b0081580208c4124020960002b10410882580402c0104620920104b0081580208c4124020960002b10410882580402c0104620920104b0081580208c4124020960002b10410882580402c0104620920104b0081580208c4124020960002b10410882580402c0104620920104b0081580208c4124020960002b10410882580402c0104620920104b008158020884fafefe0388de2b5aa1668ce60000000049454e44ae426082, 0x89504e470d0a1a0a0000000d4948445200000140000000c80806000000990438ab000000017352474200aece1ce90000000467414d410000b18f0bfc6105000000097048597300000ec300000ec301c76fa8640000045b49444154785eedd7e16aea4a0046d1beff4bf726700345f4d46a1267b2d782508899d21f7edbfaf50d1025804096000259020864092090258040960002590208640920902580409600025902086409209025804096000259020864092090258040960002590208640920902580409600025902086409209025804096000259020864092090258040960002590208640920902580409600025902086409209025804096000259020864092090258040960002590208640920902580409600025902086409209025804096000259020864092090950fe0d797cf00a8124001842c01bc13c0f5de7601d725800f02b8fd1441b82e01bc09dc6df40410aecbba17bf054f04e19a2c7b2180d064d98bdf02b81241b81eab5e08203459f5e29900ae4410aec5a217cf864d00e15a2c7af197b089205c87352f04109aac79f1d7a889205c83252f04109a2c792180d064c98b57822682303f2b5e08203459f1e2d5988920cc2dbfe0772226803037017c33622208f3124001842c011440c8124001842c01dc2160220873124001842c011440c8124001842c011440c8124001842c011440c8124001842c011440c8124001842c011440c8124001842c011440c812400184ace472d7603dba5ef1ea39e0b372cbfd19ab7be1da42b85dcf78f639602ca9e5de46ed99706d67fef5ec33bf07184f66b9f722f5d7703d0aa100c29c04f005b7e70410e624802f1040b886c4721f05ea9d706d67c50fe625806f58cf0b20cc2bb3de7ba112406813c0370820cc4d00df20803037017c8300c2dc04f00d0208734badf7365602086d02f8a2edac00c2bc72ebfd192c0184b6e47adf8dd7cf730208f3caae770dd71e015c8920cc29bddc57c275ef8c00c29cb2cbdda2f5d77809205c473e80ab6703f6afe74410e62380fffb2d60efbe0e8c47007f58ef3dbaff1b0184f908e01d5b08b7eb19cf3e078c4300772280301f01dc8900c27c0470270208f311c09d0820cc4700772482301701dc9100c25c04704702087311c09d8920cc4300772680300f01dc9900c23c04f00022087310c0030820cc41000f20803007013c8808c2f804f0200208e313c08308208c4f000f24823036013c9808c2b804f0600208e312c01388208c49004f20803026013c8908c27804f0240208e311c01389208c45004f24803016013c9908c23804f0640208e310c00f10411883007e8000c21804f04344103e4f003f68fd1b84103e271dc051e22382f0199637081184f359dd404410ce6571831141388fb50d688da010c2f1ac6c602208c7b2b0c189201cc7ba26e02b311cc3aa262284b02f6b9a9008c23e2c6952db7f83f72ee039d602640920902580ecc2576f66e45dcb6e4490d978c70259020864092090258040960002590208640920902580409600025902086409209025804096000259020864092090258040960002590208640920902580409600025902086409209025804096000259020864092090258040960002590208640920902580409600025902086409209025804096000259020864092010f5fdfd1f748c0a7b8f9d7f960000000049454e44ae426082),
(17, 0x89504e470d0a1a0a0000000d4948445200000140000000c80806000000990438ab000000017352474200aece1ce90000000467414d410000b18f0bfc6105000000097048597300000ec300000ec301c76fa8640000076449444154785eedd88b8edb380c05d0feff4f771b74bd4db371e2876893e2398051b4486489142f66fae32740530210684b00026d0940a02d0108b4250081b60420d0960004da1280405b0210684b00026d0940a02d0108b4250081b60420d0960004da1280405b0210684b00026d0940a02d0108b4250081b60420d0960004da1280405b0210684b00026d0940a02d0108b4250081b60420d0960004da1280405b0210684b00026d0940a02d0108b4250081b60420d0960004da1280405b0210684b00026d0940a02d0108b4250081b60420d0960004da1280405b0210684b00026d0940a02d0108b4250081b60420d0960004da128090d48f1f3ffe7b88a1b290d05af809c4b15412125a426e2dec84e018aa08c96c0d3721789e0a42227b434d089ea37a90c491301380e7a81e247134cc84e0712a07099c093101789cca410267434c081ea36a70b351e12504f753314e790c9dc13b6e74edf4621fd5e2344377dc2c01f8786fc57be0e6328410dc2faa6657f6a26af02ddc5a861080fb44d62bba174be8cdd073b79621661886ab5c51ab8877cc127acfdc5a861080db550bc019836fe1d6328400dce6ca3a9d7dd7ccc1b7706b1942007e77758dcebcaf4b3fdd5a8610809fdd559f23efedd44bb7962104e0675502b05b1fdd5a861080ebeeaccd9e7777eca15bcb1002f0bd0c75d9b287aefd736b194200fe5f969a7cdb47e7deb9b50c917d88aede5fb67aaceda773f83df43e3dc3641ea4c7de96e70a196bb1b6a78c7bbd52efd3334c8541ea1c800faffbea1e7e0f2ac01002f0b7ec7578de9f00fc55837fff8453460d53e450460ffcdafa8f7ffff45c6979dfd5efcd4a151862d440458642e4d0bf5b7beb5922f7f5ced67d75a00a0c3162a09635a286f3aa751f7fdffbaea8bdbd73647fb3520586183150cb1a51c319b1eeeb9a67de1175ee5757bda70295208de7c18c18d2d16b2eeb3dfe5c9e3346ef6fcd88bdce421548e37928230674e49a4b888cde67c4b99f2deb47bfa70a55208dd7a1ac162e2344eff179fd0af588a602a4f13a90a307b4c2c047ee31babe15a90069bc1bc891435a61e023f7f8ba76857a445301d2581bc851835a65e0a3f6f96edd2a3589d2fbf4a4b2368ca386b4cab047edf3ddba556a12a5f7e949e5d3309e1dd44a831eb5d7b5752bd566b4be27279d4f837876482b0d79d45ed7d6ad549bd1fa9e9c74be0de29941ad32e451fbfcb46e95da44e87b72d2d932884787b5ca9047edf3d3ba556a13a1efc94965cf101e19d82a431eb5cf4feb56a94d84be2727953d43786460ab0c79e43ed7d6ae529b087d4f4e2a7b8730faf37789dce7dada556a13a1efc949e5c810eef94e95218fdce7a7b5abd467b49ea7269da303b8f57b55063c7a9f6beb57a9cf683d4f4d3a670670cb772b0cf8157b5c7b4785fa44e8796ad23933805bbe5b61c0afd8e3bb7754a84d94be272795b343f8f8feda1a5506fcaa7dbebea74a7d22f43d39a98c1ac277eb5418f0abf7f8fcbe0af589d2f7e4a43272081f6b2deb5518eebbf6f85ca7ae7a9f7e22cb65def264347a5fd9cffbacc21e67a5f213d83b401983a16b0808bf7ba9fe048e0ed112841986b06b10743d7716aa3f811121b6ac71d740def5de3b753c73363ac0ff5c1d86c28fbbe8021f5d11840290bbe8029b440661b730107e79e804bb4404a100e42e3ac1212383b0532008bf5c748353ce06e1d9ef5722fcf2d11186381b821d08c07c7484611e036ec8df53979c7485e104e1dfd4222f9d218cc15783ec748750b3fd34b8e72cc22f3f1de212b304e19633cc72d60e74894b550e866f7b177cf5e81697ab16145bf62bf86ad2356e53253484dfbc748e5b55088fc71e3f3dd4a57bdc4e887017378f1484207770eb48c3af945ccd6d231d41c855dc32d212844473bb484f0812c5cda204214804b78a328420a3b95194e2ff0519c94da22421c8086e11650941ce7283284d087286db4379fe5f90a3dc1aa62104d9cb8d612a42903ddc16a6e35762b6724b989610e41b3784a909413e713b989e5f8959e356d08610e4951b412b4290676e03edf89598855b405b8210dda73d21d897cec32f42b0275d877f09c17e741c9e08c15e741b5e3c425010f6a0cbb04208ce4f87d965f9e9e8dd33a359cfc56fbacb265b426ef9cc96cf5632db79f84357f9eae8f02fc1314b80cc7006fea6a37c356af06708c3eafbe76f3ac95711033f4310529f2ef255e4b02f41583150aaee9b3f748f4dae18f4ca41484d3ac766570dfa128495824508d6a46bec72f5a0570a4221588f8eb1db1d835e250885602dbac5217705528520148275e814a7dc1d8419c326e39e784fa718e2ce30ca188442b0065d62a80c4198257cb2ec83753a4488bb832843100ac0fc7488504b10dd154877bf7bcd9dfbe20fd5e752cf837ff5f0dff9ced7871c74825bdd11085141f4bc6ec4fa8ca743a4705778ec7defbbcf2fcfb3d7bf93932e91d66bc07c7b8e78b7cea7e79bad9f23079d621acf41b5f5d9e3ddf75f1f6ad131a02d0108b4250081b60420d0960004da1280405b0210684b00026d0940a02d0108b4250081b60420d0960004da1280405b0210684b00026d0940a02d0108b4250081b60420d0960004da128040533f7ffe03ec79450895c7f5960000000049454e44ae426082, NULL),
(18, 0x89504e470d0a1a0a0000000d4948445200000140000000c80806000000990438ab000000017352474200aece1ce90000000467414d410000b18f0bfc6105000000097048597300000ec300000ec301c76fa8640000059c49444154785eedd6d16ea3301445d1feff4f77c443346920609384d8f7ac2545aa1a28f645deeacf2f40280104620920104b0081580208c4124020960002b10410882580402c0104620920104b0081580208c4124020960002b10410882580402c0104620920104b0081580208c4124020960002b10410882580402c0104620920104b0081580208c4124020960002b10410882580402c0104620920104b0081580208c4124020960002b10410882580402c0104620920104b0081580208c4124020960002b10410882580402c0104620920104b0081580208c4124020960002b1041088258044faf9f9d9fd90c19b264a6be0c43083b74b84576226847579ab94f6ce7889603dde28657d225822588bb749499f0c9508d6e14d52ca12a72b02258235788b94726598ae8a2d9fe3ed51c6b7622482f3f2e628e39b2112c139796b94f1ed087df33fd0db873e264619a901bc27827d4c8b124639f8223c17d3a284910ebe08cec3a4284100ff13c076264509a31dfa6fae4700db99142508e07f02d8cea42861c4432f82e33325ca18edd00be0f84c8932463cf422383613a294d10ebd008ecd842865c443ffad3509e03113a21401fc4b04f7990ea508e05f02b8cf742867f4085eb93e01dc673a942380ff09e03ed3a1a4d10ebe008ec9742869c4837f5b93008ec374286bb4c33f530053c299b14b2209e0b9672df76cdd77e5baaf526f477067b443fb2c2e9fd4f3bcbd6b479be53bd4db11dc19edd02eebb97a4d3dcfdbbb76b459be43bd1dc183910eeeb296abd7d3fabca3eb469ae3bbd4db113c18ede08e18c0775d339b7a3b820d231d5e011c47bd1dc186e4002e8e9e298050dc280778b400b6ae47006172150f718b67fbee998700c2e404f02f01843089117c358055672680c499f9302f6b3fb3fead7b7afececc33db5373577060b603bdacf77ecdbdebdfbabee76ff43e6f163577050d6638d4cb1a1f3f37f73f1fd9baf6d5fb2ba8b92b6830faa15ed6f7b8c6dbef6ebf7ffcfe99adeb5eb9b78aba3b8306231feebdb52ddfddbe6fd9c3d63567efaba4f6eea0c18887bc754daf5e7774ff88b379a7dabb8306231ef29e35b55cfbec9ae5f77bdf55577f87d0a0f7b07f3a0eef5e4fcbf7b76bee7fae2e639770a0e7c05f118733cfd8bba7f5ef5db1b79164ed16768c148933cfd8bb272d6cad4c05ee1c85e2aa902ccf39f3ac67f75cb5eed9980adc390ac5552139fb9cbdfb4470cd44e0c1b3505c191001bc8689c086ad58cc10c0c5b37b0570cd44e089c76008603d26024f7c33808bb3cf13c07626023b6ed1f8463c04f0f34c0476cc16c0bd7b0470cd44e0c0128e6fc5a3f7b902d8c744e0c03703b8e879b600f6311168f0ed78b43cffe81a015c33116830423c5e0d9c00ae99083458e23172045bd626806b26020d4609e0e2b696fb4f8bd6eb92980834b8c563e68808e09a89400301acc944a0c17d3c660d8900ae990834ba054400eb301168741f90196322806b26028d04b01e1381468f01992d2802b86622d04800eb3111e83073040570cd44a08300d66222d0612b22b3844500d74c043a08602d26029d1e432280f33211e8b4159219e222806b26029d04b00e13814ecf4232726096b509e09a89c0095b3111c0f998089c30630059331538e9312a02381f538193b6a2223473f1b6e024019c9fb7052f780c9e00cec5db821708e0dcbc2d78d17df404702ede16bc4800e7e56dc11b88e09cbc297893257ce237176f0b882580402c0104620920104b0081580208c4124020960002b10410882580402c0104620920104b0081580208c4124020960002b10410882580402c0104620920104b0081580208c4124020960002b10410882580402c0104620920104b0081580208c4124020960002b10410882580402c0104620920104b0081580208c4124020960002b10410882580402c0104620920104b0081580208c4124020960002b10410882580402c0104620920104b008150bfbfff00f2b4eb7db05dff220000000049454e44ae426082, NULL);

-- --------------------------------------------------------

--
-- Table structure for table `tax_invoice`
--

CREATE TABLE `tax_invoice` (
  `Invoice_ID` int(11) NOT NULL,
  `Rental_ID` int(11) NOT NULL,
  `Car_Number` varchar(9) NOT NULL,
  `Bill_To` varchar(100) NOT NULL,
  `Date` date NOT NULL,
  `Address` varchar(40) NOT NULL,
  `Cash_Amount` float NOT NULL,
  `Checks_Amount` float NOT NULL,
  `Visa_Amount` float NOT NULL,
  `Sub_Total` float NOT NULL,
  `VAT` float NOT NULL,
  `Total` float NOT NULL
) ENGINE=InnoDB DEFAULT CHARSET=utf8;

--
-- Dumping data for table `tax_invoice`
--

INSERT INTO `tax_invoice` (`Invoice_ID`, `Rental_ID`, `Car_Number`, `Bill_To`, `Date`, `Address`, `Cash_Amount`, `Checks_Amount`, `Visa_Amount`, `Sub_Total`, `VAT`, `Total`) VALUES
(1, 1, '2123487', 'בשארה טבר', '2020-01-28', 'נצרת', 368, 0, 1000.9, 1170, 17, 1368.9),
(2, 1, '2123487', 'בשארה טבר', '2020-01-28', 'נצרת', 300, 716.8, 200, 1040, 17, 1216.8),
(3, 2, '4525236', 'גסאן אשקר', '2020-01-28', 'נצרת', 500, 1025.2, 300, 1560, 17, 1825.2),
(4, 2, '4525236', 'גסאן אשקר', '2020-01-28', 'נצרת', 0, 0, 403.65, 345, 17, 403.65),
(5, 3, '3125468', 'ראמי מרעי', '2020-01-05', 'חיפה', 0, 3000, 861, 3300, 17, 3861),
(6, 4, '2457895', 'ריאן חלבי', '2019-10-15', 'דאלית אל כרמל', 1500, 0, 1483.5, 2550, 17, 2983.5),
(7, 5, '2458754', 'אמיר עודה', '2019-11-05', 'חיפה', 520, 4500, 2000, 6000, 17, 7020),
(8, 6, '2123487', 'בשארה טבר', '2019-11-15', 'נצרת', 500, 2000, 588.8, 2640, 17, 3088.8),
(9, 6, '2123487', 'בשארה טבר', '2019-12-09', 'נצרת', 0, 0, 321.75, 275, 17, 321.75),
(10, 7, '3125468', 'עזמי פאהום', '2019-11-20', 'נצרת', 0, 0, 3802.5, 3250, 17, 3802.5),
(11, 7, '3125468', 'עזמי פאהום', '2019-12-15', 'נצרת', 0, 0, 292.5, 250, 17, 292.5),
(12, 8, '3215684', 'פאדי סרוגי', '2019-11-30', 'נצרת', 0, 1632.5, 1000, 2250, 17, 2632.5),
(13, 8, '3215684', 'פאדי סרוגי', '2019-12-15', 'נצרת', 0, 0, 381.4, 326, 17, 381.42),
(14, 9, '2457895', 'עזמי פאהום', '2019-12-20', 'נצרת', 0, 0, 3182.4, 2720, 17, 3182.4),
(15, 9, '2457895', 'עזמי פאהום', '2020-01-05', 'נצרת', 351, 0, 0, 300, 17, 351),
(16, 10, '3125468', 'באסל סימעאן', '2019-12-25', 'יפיע', 0, 2808, 0, 2400, 17, 2808),
(17, 10, '3125468', 'באסל סימעאן', '2020-01-28', 'יפיע', 585, 0, 0, 500, 17, 585),
(18, 11, '5477689', 'אסיל חליחל', '2020-01-05', 'שפרעם', 0, 0, 1228.5, 1050, 17, 1228.5),
(19, 12, '3125468', 'הישאם מנסור', '2020-01-15', 'נצרת', 175.5, 0, 0, 150, 17, 175.5),
(20, 12, '3125468', 'הישאם מנסור', '2020-01-15', 'נצרת', 0, 0, 117, 100, 17, 117),
(21, 13, '5477689', 'גסאן אשקר', '2020-01-15', 'נצרת', 0, 0, 877.5, 750, 17, 877.5),
(22, 13, '5477689', 'גסאן אשקר', '2020-01-20', 'נצרת', 0, 0, 438.75, 375, 17, 438.75),
(23, 14, '9457854', 'בשארה טבר', '2020-01-17', 'נצרת', 0, 0, 666.9, 570, 17, 666.9),
(24, 15, '3125468', 'הישאם מנסור', '2020-01-20', 'נצרת', 0, 0, 1579.5, 1350, 17, 1579.5),
(25, 16, '2458754', 'ראמי מרעי', '2020-01-23', 'חיפה', 0, 600, 289.2, 760, 17, 889.2),
(26, 16, '2458754', 'ראמי מרעי', '2020-01-27', 'חיפה', 0, 0, 555.75, 475, 17, 555.75),
(27, 17, '74578847', 'עזמי פאהום', '2020-01-24', 'נצרת', 0, 2100, 1082.4, 2720, 17, 3182.4),
(28, 18, '5477689', 'אסיל חליחל', '2020-01-24', 'שפרעם', 200, 0, 326.5, 450, 17, 526.5);

-- --------------------------------------------------------

--
-- Table structure for table `tax_invoice_check`
--

CREATE TABLE `tax_invoice_check` (
  `Check_NO` varchar(15) NOT NULL,
  `Invoice_ID` int(11) NOT NULL,
  `Account_NO` varchar(15) NOT NULL,
  `Routing_NO` varchar(30) NOT NULL,
  `Check_Date` date NOT NULL,
  `Check_Amount` float NOT NULL
) ENGINE=InnoDB DEFAULT CHARSET=utf8;

--
-- Dumping data for table `tax_invoice_check`
--

INSERT INTO `tax_invoice_check` (`Check_NO`, `Invoice_ID`, `Account_NO`, `Routing_NO`, `Check_Date`, `Check_Amount`) VALUES
('00000123', 2, '0009164873', 'מרכנתיל סניף 927 נצרת', '2019-10-29', 716.8),
('0000079', 3, '0000036526', 'פועלים סניף 88', '2019-08-30', 1025.2),
('00000023', 5, '0000213548', 'בנק יהב סניף 967', '2019-11-01', 1500),
('00000024', 5, '0000213548', 'בנק יהב סניף 967', '2019-12-01', 1500),
('00000250', 7, '0000571425', 'מרכנתיל סניף 635', '2019-11-10', 2000),
('00000251', 7, '0000571425', 'מרכנתיל סניף 635', '2019-12-10', 2500),
('00000025', 8, '0000455222', 'מרכנתיל סניף 69', '2019-12-28', 1700),
('00000026', 8, '0000455222', 'מרכנתיל סניף 69', '2020-01-28', 300),
('00000021', 12, '000045656', 'מרכנתיל נצרת 927', '2020-01-01', 1632.5),
('00000021', 16, '0000005653', 'פועלים סניף 627', '2020-01-01', 2808),
('00000050', 25, '0000453453', 'פועלים סניף 627', '2020-01-28', 200),
('00000051', 25, '0000453453', 'פועלים סניף 627', '2020-02-05', 400),
('00000033', 27, '0000045345', 'מרכנתיל סניף 824', '2020-01-28', 500),
('00000034', 27, '0000045345', 'מרכנתיל סניף 824', '2020-02-14', 600),
('00000035', 27, '0000045345', 'מרכנתיל סניף 824', '2020-03-05', 1000);

-- --------------------------------------------------------

--
-- Table structure for table `user`
--

CREATE TABLE `user` (
  `ID` varchar(10) NOT NULL,
  `First_Name` varchar(20) NOT NULL,
  `Last_Name` varchar(20) NOT NULL,
  `Birthdate` date NOT NULL,
  `Address` varchar(25) NOT NULL,
  `Phone_Number` varchar(10) NOT NULL,
  `Telephone_Number` varchar(10) NOT NULL
) ENGINE=InnoDB DEFAULT CHARSET=utf8;

--
-- Dumping data for table `user`
--

INSERT INTO `user` (`ID`, `First_Name`, `Last_Name`, `Birthdate`, `Address`, `Phone_Number`, `Telephone_Number`) VALUES
('0000000000', 'admin', 'admin', '1990-08-07', 'admin', '0000000000', '0000000'),
('123456788', 'גסאן', 'אשקר', '1997-08-13', 'נצרת', '0503901461', ''),
('207075680', 'אליאס', 'חוראני', '1991-01-30', 'נצרת', '0524698897', '6578954'),
('209417625', 'בשארה', 'טבר', '1996-03-29', 'נצרת', '0587835492', ''),
('210235469', 'אמיר', 'עודה', '1996-10-02', 'חיפה', '0524785412', ''),
('213456897', 'בשארה', 'בשארה', '1996-05-30', 'נצרת', '0521365985', '046523651'),
('213546877', 'אסיל', 'חליחל', '1997-09-25', 'שפרעם', '0254637285', ''),
('222444666', 'הישאם', 'מנסור', '1997-05-05', 'נצרת', '0524659875', '6523654'),
('231515648', 'וואסים', 'ריקאב', '1997-04-22', 'עספיה', '0524578657', ''),
('315245652', 'היתם', 'חלבי', '1995-03-20', 'דאלית אל כרמל', '0588964275', ''),
('315456214', 'ראמי', 'מרעי', '1996-05-20', 'חיפה', '0524547852', ''),
('318428117', 'פאדי', 'סרוגי', '1990-08-12', 'נצרת', '052223141', ''),
('325478564', 'עזמי', 'פאהום', '1996-01-10', 'נצרת', '0524879526', ''),
('987654322', 'ריאן', 'חלבי', '1994-08-13', 'דאלית אל כרמל', '0522715692', '6523658'),
('999555222', 'באסל', 'סימעאן', '1994-09-10', 'יפיע', '0524959899', '6523123');

--
-- Indexes for dumped tables
--

--
-- Indexes for table `car`
--
ALTER TABLE `car`
  ADD PRIMARY KEY (`Car_Number`);

--
-- Indexes for table `drivers`
--
ALTER TABLE `drivers`
  ADD KEY `Rental_ID` (`Rental_ID`),
  ADD KEY `ID_Driver` (`ID_Driver`);

--
-- Indexes for table `driver_licensing`
--
ALTER TABLE `driver_licensing`
  ADD PRIMARY KEY (`ID_Customer`);

--
-- Indexes for table `employee`
--
ALTER TABLE `employee`
  ADD PRIMARY KEY (`ID_Employee`);

--
-- Indexes for table `invoice_details`
--
ALTER TABLE `invoice_details`
  ADD KEY `Invoice_ID` (`Invoice_ID`);

--
-- Indexes for table `messages`
--
ALTER TABLE `messages`
  ADD PRIMARY KEY (`Message_ID`),
  ADD KEY `Employee_ID` (`Employee_ID`);

--
-- Indexes for table `password_verification`
--
ALTER TABLE `password_verification`
  ADD PRIMARY KEY (`ID_Employee`);

--
-- Indexes for table `rent_details`
--
ALTER TABLE `rent_details`
  ADD PRIMARY KEY (`Rental_ID`),
  ADD KEY `ID_Employee` (`ID_Employee_Rent`),
  ADD KEY `ID_Customer` (`ID_Customer`),
  ADD KEY `Car_Number` (`Car_Number`);

--
-- Indexes for table `signature`
--
ALTER TABLE `signature`
  ADD PRIMARY KEY (`Rental_ID`);

--
-- Indexes for table `tax_invoice`
--
ALTER TABLE `tax_invoice`
  ADD PRIMARY KEY (`Invoice_ID`),
  ADD KEY `Rental_ID` (`Rental_ID`);

--
-- Indexes for table `tax_invoice_check`
--
ALTER TABLE `tax_invoice_check`
  ADD KEY `Receipt_ID` (`Invoice_ID`);

--
-- Indexes for table `user`
--
ALTER TABLE `user`
  ADD PRIMARY KEY (`ID`);

--
-- AUTO_INCREMENT for dumped tables
--

--
-- AUTO_INCREMENT for table `messages`
--
ALTER TABLE `messages`
  MODIFY `Message_ID` int(11) NOT NULL AUTO_INCREMENT, AUTO_INCREMENT=74;

--
-- AUTO_INCREMENT for table `rent_details`
--
ALTER TABLE `rent_details`
  MODIFY `Rental_ID` int(11) NOT NULL AUTO_INCREMENT, AUTO_INCREMENT=19;

--
-- AUTO_INCREMENT for table `tax_invoice`
--
ALTER TABLE `tax_invoice`
  MODIFY `Invoice_ID` int(11) NOT NULL AUTO_INCREMENT, AUTO_INCREMENT=29;

--
-- Constraints for dumped tables
--

--
-- Constraints for table `drivers`
--
ALTER TABLE `drivers`
  ADD CONSTRAINT `drivers_ibfk_1` FOREIGN KEY (`ID_Driver`) REFERENCES `driver_licensing` (`ID_Customer`),
  ADD CONSTRAINT `drivers_ibfk_2` FOREIGN KEY (`Rental_ID`) REFERENCES `rent_details` (`Rental_ID`);

--
-- Constraints for table `driver_licensing`
--
ALTER TABLE `driver_licensing`
  ADD CONSTRAINT `driver_licensing_ibfk_1` FOREIGN KEY (`ID_Customer`) REFERENCES `user` (`ID`);

--
-- Constraints for table `employee`
--
ALTER TABLE `employee`
  ADD CONSTRAINT `employee_ibfk_1` FOREIGN KEY (`ID_Employee`) REFERENCES `user` (`ID`);

--
-- Constraints for table `invoice_details`
--
ALTER TABLE `invoice_details`
  ADD CONSTRAINT `invoice_details_ibfk_1` FOREIGN KEY (`Invoice_ID`) REFERENCES `tax_invoice` (`Invoice_ID`);

--
-- Constraints for table `messages`
--
ALTER TABLE `messages`
  ADD CONSTRAINT `messages_ibfk_1` FOREIGN KEY (`Employee_ID`) REFERENCES `employee` (`ID_Employee`);

--
-- Constraints for table `password_verification`
--
ALTER TABLE `password_verification`
  ADD CONSTRAINT `password_verification_ibfk_1` FOREIGN KEY (`ID_Employee`) REFERENCES `employee` (`ID_Employee`);

--
-- Constraints for table `rent_details`
--
ALTER TABLE `rent_details`
  ADD CONSTRAINT `rent_details_ibfk_1` FOREIGN KEY (`Car_Number`) REFERENCES `car` (`Car_Number`),
  ADD CONSTRAINT `rent_details_ibfk_2` FOREIGN KEY (`ID_Employee_Rent`) REFERENCES `employee` (`ID_Employee`),
  ADD CONSTRAINT `rent_details_ibfk_3` FOREIGN KEY (`ID_Customer`) REFERENCES `driver_licensing` (`ID_Customer`);

--
-- Constraints for table `signature`
--
ALTER TABLE `signature`
  ADD CONSTRAINT `signature_ibfk_1` FOREIGN KEY (`Rental_ID`) REFERENCES `rent_details` (`Rental_ID`);

--
-- Constraints for table `tax_invoice`
--
ALTER TABLE `tax_invoice`
  ADD CONSTRAINT `tax_invoice_ibfk_1` FOREIGN KEY (`Rental_ID`) REFERENCES `rent_details` (`Rental_ID`);

--
-- Constraints for table `tax_invoice_check`
--
ALTER TABLE `tax_invoice_check`
  ADD CONSTRAINT `tax_invoice_check_ibfk_1` FOREIGN KEY (`Invoice_ID`) REFERENCES `tax_invoice` (`Invoice_ID`);
COMMIT;

/*!40101 SET CHARACTER_SET_CLIENT=@OLD_CHARACTER_SET_CLIENT */;
/*!40101 SET CHARACTER_SET_RESULTS=@OLD_CHARACTER_SET_RESULTS */;
/*!40101 SET COLLATION_CONNECTION=@OLD_COLLATION_CONNECTION */;
